[
    {
        "pk": 1,
        "model": "core.state",
        "fields": {
            "modified": "2014-01-09T10:50:22.875Z",
            "name": "Karnataka",
            "created": "2014-01-09T10:50:22.874Z"
        }
    },
    {
        "pk": 1,
        "model": "core.city",
        "fields": {
            "modified": "2014-01-09T10:50:12.807Z",
            "name": "Bangalore",
            "created": "2014-01-09T10:50:12.806Z"
        }
    },
    {
        "pk": 1,
        "model": "core.brand",
        "fields": {
            "description": "",
            "created": "2014-01-09T10:50:43.044Z",
            "modified": "2014-01-09T10:50:43.798Z",
            "name": "Starbucks",
            "bg_color": "",
            "competitors": [],
            "bg_image": "",
            "slug_name": "starbucks",
            "active": true,
            "logo": "thumbnails/5ffd166a-684d-4d5c-bf81-023ef070a5d1.jpg",
            "footfall": 500
        }
    },
    {
        "pk": 2,
        "model": "core.brand",
        "fields": {
            "description": "",
            "created": "2014-01-09T10:52:40.519Z",
            "modified": "2014-01-09T10:52:40.602Z",
            "name": "Naturals",
            "bg_color": "",
            "competitors": [],
            "bg_image": "",
            "slug_name": "naturals",
            "active": true,
            "logo": "thumbnails/5c11311e-c192-4596-96cb-c27d3a934310.jpg",
            "footfall": 50
        }
    },
    {
        "pk": 1,
        "model": "core.cluster",
        "fields": {
            "city": 1,
            "description": "",
            "locality": "Kormangala",
            "created": "2014-01-09T10:50:40.008Z",
            "modified": "2014-01-09T11:49:33.174Z",
            "content": [1],
            "state": 1,
            "map_name": "7400f7a5-24c0-4990-9953-0dc4b52e4719.png",
            "name": "Kormangala Bangalore"
        }
    },
    {
        "pk": 1,
        "model": "core.store",
        "fields": {
            "city": 1,
            "pin_code": "",
            "cluster": 1,
            "description": "",
            "created": "2014-01-09T10:50:43.633Z",
            "demo": false,
            "brand": 1,
            "modified": "2014-02-20T06:45:25.920Z",
            "longitude": "77.613405",
            "mail_id": "",
            "active": true,
            "address_first_line": "Koramangala 80 Feet Rd, Koramangala 7th Block, ",
            "state": 1,
            "slug_name": "starbucks",
            "paid": true,
            "contact_number": "",
            "latitude": "12.935261",
            "address_second_line": "Koramangala",
            "map_name": "593f799e-71b9-4c24-9a71-48d759542b0c.png",
            "name": "Starbucks Kormangala"
        }
    },
    {
        "pk": 2,
        "model": "core.store",
        "fields": {
            "city": 1,
            "pin_code": "560034",
            "cluster": 1,
            "description": "",
            "created": "2014-01-09T10:52:40.546Z",
            "demo": false,
            "brand": 2,
            "modified": "2014-02-20T06:45:15.549Z",
            "longitude": "77.624821",
            "mail_id": "",
            "active": true,
            "address_first_line": "No: 40, 1st Floor, 100 Feet Road, Near Canara Bank, 8th Main Rd,",
            "state": 1,
            "slug_name": "naturals",
            "paid": true,
            "contact_number": "",
            "latitude": "12.935052",
            "address_second_line": "Koramangala 4 Block, Koramangala Extension",
            "map_name": "074c9744-3f79-4149-8896-136b7ac91ab2.png",
            "name": "Naturals Kormangala"
        }
    },
    {
        "pk": 1,
        "model": "core.device",
        "fields": {
            "created": "2014-01-09T10:53:26.582Z",
            "modified": "2014-01-09T10:53:26.903Z",
            "mac_address": "",
            "type": "Simple",
            "store": 2,
            "device_id": 121
        }
    },
    {
        "pk": 2,
        "model": "core.device",
        "fields": {
            "created": "2014-02-20T06:45:25.549Z",
            "modified": "2014-02-20T06:45:26.025Z",
            "mac_address": "",
            "type": "",
            "store": 1,
            "device_id": 3456
        }
    },
    {
        "pk": 1,
        "model": "core.contenttype",
        "fields": {
            "modified": "2014-01-09T11:49:09.964Z",
            "name": "Wallpaper",
            "created": "2014-01-09T11:49:09.802Z"
        }
    },
    {
        "pk": 2,
        "model": "core.contenttype",
        "fields": {
            "modified": "2014-01-09T12:41:27.044Z",
            "name": "Slide Show",
            "created": "2014-01-09T12:41:27.032Z"
        }
    },
    {
        "pk": 3,
        "model": "core.contenttype",
        "fields": {
            "modified": "2014-02-20T06:44:10.203Z",
            "name": "Video",
            "created": "2014-02-20T06:44:10.182Z"
        }
    },
    {
        "pk": 1,
        "model": "core.orderedstorecontent",
        "fields": {
            "content": 8,
            "order": 0,
            "store": 1
        }
    },
    {
        "pk": 2,
        "model": "core.orderedstorecontent",
        "fields": {
            "content": 4,
            "order": 1,
            "store": 1
        }
    },
    {
        "pk": 3,
        "model": "core.orderedstorecontent",
        "fields": {
            "content": 5,
            "order": 2,
            "store": 1
        }
    },
    {
        "pk": 4,
        "model": "core.orderedstorecontent",
        "fields": {
            "content": 10,
            "order": 3,
            "store": 1
        }
    },
    {
        "pk": 5,
        "model": "core.orderedstorecontent",
        "fields": {
            "content": 9,
            "order": 0,
            "store": 2
        }
    },
    {
        "pk": 6,
        "model": "core.orderedstorecontent",
        "fields": {
            "content": 6,
            "order": 1,
            "store": 2
        }
    },
    {
        "pk": 7,
        "model": "core.orderedstorecontent",
        "fields": {
            "content": 7,
            "order": 2,
            "store": 2
        }
    },
    {
        "pk": 8,
        "model": "core.orderedstorecontent",
        "fields": {
            "content": 11,
            "order": 3,
            "store": 2
        }
    },
    {
        "pk": 9,
        "model": "core.orderedstorecontent",
        "fields": {
            "content": 3,
            "order": 4,
            "store": 2
        }
    },
    {
        "pk": 10,
        "model": "core.orderedstorecontent",
        "fields": {
            "content": 2,
            "order": 4,
            "store": 1
        }
    },
    {
        "pk": 11,
        "model": "core.orderedstorecontent",
        "fields": {
            "content": 12,
            "order": 5,
            "store": 1
        }
    },
    {
        "pk": 12,
        "model": "core.orderedstorecontent",
        "fields": {
            "content": 12,
            "order": 5,
            "store": 2
        }
    },
    {
        "pk": 13,
        "model": "core.orderedstorecontent",
        "fields": {
            "content": 13,
            "order": 6,
            "store": 2
        }
    },
    {
        "pk": 1,
        "model": "core.content",
        "fields": {
            "rating": 5,
            "archived": false,
            "end_date": "2014-02-28",
            "description": "",
            "no_of_people_rated": 1,
            "created": "2014-01-09T11:49:17.254Z",
            "modified": "2014-02-20T06:38:52.115Z",
            "thumbnail": "thumbnails/1ff05c20-b6f4-4e09-87db-22dfbcdbe672.png",
            "active": true,
            "content_type": 1,
            "content_location": "3",
            "short_description": "Map of all atms in the cluster",
            "start_date": "2014-01-09",
            "name": "Atms nearby"
        }
    },
    {
        "pk": 2,
        "model": "core.content",
        "fields": {
            "rating": 5,
            "archived": false,
            "end_date": "2014-02-28",
            "description": "",
            "no_of_people_rated": 1,
            "created": "2014-01-09T12:32:08.658Z",
            "modified": "2014-02-20T06:38:43.729Z",
            "thumbnail": "thumbnails/b2cc2554-6613-4615-92be-179f80b111ce.png",
            "active": true,
            "content_type": 1,
            "content_location": "2",
            "short_description": "Starbucks wall on home",
            "start_date": "2014-01-09",
            "name": "Starbucks wall"
        }
    },
    {
        "pk": 3,
        "model": "core.content",
        "fields": {
            "rating": 5,
            "archived": false,
            "end_date": "2014-02-28",
            "description": "",
            "no_of_people_rated": 1,
            "created": "2014-01-09T12:34:42.651Z",
            "modified": "2014-02-20T06:38:34.607Z",
            "thumbnail": "thumbnails/e4416774-5579-4bd9-985d-903826cd57e2.JPG",
            "active": true,
            "content_type": 1,
            "content_location": "2",
            "short_description": "Naturals wallpaper",
            "start_date": "2014-01-09",
            "name": "Naturals wall"
        }
    },
    {
        "pk": 4,
        "model": "core.content",
        "fields": {
            "rating": 5,
            "archived": false,
            "end_date": "2014-02-28",
            "description": "",
            "no_of_people_rated": 1,
            "created": "2014-01-09T12:38:17.650Z",
            "modified": "2014-02-20T06:38:23.547Z",
            "thumbnail": "thumbnails/26f2291a-9353-4d80-ae07-6a111266a846.jpg",
            "active": true,
            "content_type": 1,
            "content_location": "1",
            "short_description": "Content inside starbucks",
            "start_date": "2014-01-09",
            "name": "Starbucks wall 1"
        }
    },
    {
        "pk": 5,
        "model": "core.content",
        "fields": {
            "rating": 5,
            "archived": false,
            "end_date": "2014-02-28",
            "description": "",
            "no_of_people_rated": 1,
            "created": "2014-01-09T12:38:52.972Z",
            "modified": "2014-02-20T06:38:16.530Z",
            "thumbnail": "thumbnails/e85e50d6-1af7-46c2-a655-f70e601a0ad4.jpg",
            "active": true,
            "content_type": 1,
            "content_location": "1",
            "short_description": "Content inside starbucks",
            "start_date": "2014-01-09",
            "name": "Starbucks wall 2"
        }
    },
    {
        "pk": 6,
        "model": "core.content",
        "fields": {
            "rating": 5,
            "archived": false,
            "end_date": "2014-02-28",
            "description": "",
            "no_of_people_rated": 1,
            "created": "2014-01-09T12:39:29.268Z",
            "modified": "2014-02-20T06:38:08.223Z",
            "thumbnail": "thumbnails/401af3c3-d185-4468-a1f6-e3a547a94eda.JPG",
            "active": true,
            "content_type": 1,
            "content_location": "1",
            "short_description": "Content inside naturals",
            "start_date": "2014-01-09",
            "name": "Naturals wall 1"
        }
    },
    {
        "pk": 7,
        "model": "core.content",
        "fields": {
            "rating": 5,
            "archived": false,
            "end_date": "2014-02-28",
            "description": "",
            "no_of_people_rated": 1,
            "created": "2014-01-09T12:39:50.105Z",
            "modified": "2014-02-20T06:37:57.508Z",
            "thumbnail": "thumbnails/6b3d28de-f28f-4eec-b8a6-a24584dfceeb.JPG",
            "active": true,
            "content_type": 1,
            "content_location": "1",
            "short_description": "Content inside naturals",
            "start_date": "2014-01-09",
            "name": "Naturals wall 2"
        }
    },
    {
        "pk": 8,
        "model": "core.content",
        "fields": {
            "rating": 5,
            "archived": false,
            "end_date": "2014-02-28",
            "description": "",
            "no_of_people_rated": 1,
            "created": "2014-01-09T12:44:09.123Z",
            "modified": "2014-02-20T06:37:49.533Z",
            "thumbnail": "thumbnails/e3401c9d-e723-4f98-823d-60dc59127ac4.jpg",
            "active": true,
            "content_type": 2,
            "content_location": "1",
            "short_description": "Entrances to Starbucks",
            "start_date": "2014-01-09",
            "name": "Starbucks Entrances"
        }
    },
    {
        "pk": 9,
        "model": "core.content",
        "fields": {
            "rating": 5,
            "archived": false,
            "end_date": "2014-02-28",
            "description": "",
            "no_of_people_rated": 1,
            "created": "2014-01-09T12:47:51.180Z",
            "modified": "2014-02-20T06:37:39.904Z",
            "thumbnail": "thumbnails/499778f7-2437-4532-8983-937a3eafdac0.jpg",
            "active": true,
            "content_type": 2,
            "content_location": "1",
            "short_description": "Bridal collection",
            "start_date": "2014-01-09",
            "name": "Bridal Collection"
        }
    },
    {
        "pk": 10,
        "model": "core.content",
        "fields": {
            "rating": 5,
            "archived": false,
            "end_date": "2014-02-28",
            "description": "",
            "no_of_people_rated": 1,
            "created": "2014-01-10T05:24:45.439Z",
            "modified": "2014-02-20T06:37:32.422Z",
            "thumbnail": "thumbnails/1c13d7ea-589f-4910-a11d-69cd8fc34368.jpg",
            "active": true,
            "content_type": 1,
            "content_location": "4",
            "short_description": "Info on starbucks",
            "start_date": "2014-01-09",
            "name": "Info on Starbucks"
        }
    },
    {
        "pk": 11,
        "model": "core.content",
        "fields": {
            "rating": 5,
            "archived": false,
            "end_date": "2014-02-28",
            "description": "",
            "no_of_people_rated": 1,
            "created": "2014-01-10T05:26:38.029Z",
            "modified": "2014-02-20T06:37:24.867Z",
            "thumbnail": "thumbnails/4abf8d68-4d4e-4598-b487-5cd0a5e05e4b.JPG",
            "active": true,
            "content_type": 1,
            "content_location": "4",
            "short_description": "Info on Naturals",
            "start_date": "2014-01-09",
            "name": "Info on Naturals"
        }
    },
    {
        "pk": 12,
        "model": "core.content",
        "fields": {
            "rating": 5,
            "archived": false,
            "end_date": "2014-02-28",
            "description": "",
            "no_of_people_rated": 1,
            "created": "2014-01-10T06:35:39.362Z",
            "modified": "2014-02-20T06:37:16.367Z",
            "thumbnail": "thumbnails/185cbdff-d980-4e1f-b1f4-5c2d1f1bbb5c.jpg",
            "active": true,
            "content_type": 2,
            "content_location": "1",
            "short_description": "CFC",
            "start_date": "2014-01-09",
            "name": "Cfc all the way"
        }
    },
    {
        "pk": 13,
        "model": "core.content",
        "fields": {
            "rating": 5,
            "archived": false,
            "end_date": "2014-03-21",
            "description": "",
            "no_of_people_rated": 1,
            "created": "2014-02-20T06:44:53.356Z",
            "modified": "2014-02-20T06:44:53.651Z",
            "thumbnail": "thumbnails/cf37baa9-2b79-4397-b5f3-d7e6da0c8552.jpg",
            "active": true,
            "content_type": 3,
            "content_location": "1",
            "short_description": "ha ha ha",
            "start_date": "2014-02-19",
            "name": "Some video"
        }
    },
    {
        "pk": 13,
        "model": "core.video",
        "fields": {
            "file": "video/41b4f47f-fe78-4cbb-8aaf-892ed835e696.mp4"
        }
    },
    {
        "pk": 1,
        "model": "core.wallpaper",
        "fields": {
            "file": "wallpaper/bdcd9f64-15d1-4b96-b8f4-9785949f687f.png"
        }
    },
    {
        "pk": 2,
        "model": "core.wallpaper",
        "fields": {
            "file": "wallpaper/116eff00-7670-4595-a14d-fef4a2033969.png"
        }
    },
    {
        "pk": 3,
        "model": "core.wallpaper",
        "fields": {
            "file": "wallpaper/8391c87f-79cb-4283-8798-993de1d4e14a.JPG"
        }
    },
    {
        "pk": 4,
        "model": "core.wallpaper",
        "fields": {
            "file": "wallpaper/35db4cf0-6875-4d45-b536-7133a5ba9306.jpg"
        }
    },
    {
        "pk": 5,
        "model": "core.wallpaper",
        "fields": {
            "file": "wallpaper/b141d4eb-a0d7-4f48-aaa3-3fa186c862a5.jpg"
        }
    },
    {
        "pk": 6,
        "model": "core.wallpaper",
        "fields": {
            "file": "wallpaper/0f327f82-5761-46fa-b835-16b4bc424212.JPG"
        }
    },
    {
        "pk": 7,
        "model": "core.wallpaper",
        "fields": {
            "file": "wallpaper/beb77e40-0dea-43ef-ad8a-de2f437ecf1a.JPG"
        }
    },
    {
        "pk": 10,
        "model": "core.wallpaper",
        "fields": {
            "file": "wallpaper/a5f91d8b-a602-4fc4-8263-cf7ba0663f74.jpg"
        }
    },
    {
        "pk": 11,
        "model": "core.wallpaper",
        "fields": {
            "file": "wallpaper/3854450b-f64a-4b6b-8762-771592a5abf5.JPG"
        }
    },
    {
        "pk": 1,
        "model": "core.image",
        "fields": {
            "target_url": "",
            "name": "Entrance 1",
            "created": "2014-01-09T12:41:39.668Z",
            "image": "images/1ec85072-bdab-477d-a633-0295dc641345.jpg",
            "modified": "2014-01-09T12:41:39.673Z",
            "caption": ""
        }
    },
    {
        "pk": 2,
        "model": "core.image",
        "fields": {
            "target_url": "",
            "name": "Entrance 2",
            "created": "2014-01-09T12:41:50.452Z",
            "image": "images/e81bb3f9-61dd-4edf-9076-bc1c5493c168.jpg",
            "modified": "2014-01-09T12:41:50.455Z",
            "caption": ""
        }
    },
    {
        "pk": 3,
        "model": "core.image",
        "fields": {
            "target_url": "",
            "name": "Entrance 3",
            "created": "2014-01-09T12:42:00.977Z",
            "image": "images/a33c9657-66e6-4ea7-b8a9-b72473cccd1d.jpg",
            "modified": "2014-01-09T12:42:00.980Z",
            "caption": ""
        }
    },
    {
        "pk": 4,
        "model": "core.image",
        "fields": {
            "target_url": "",
            "name": "Entrance 4",
            "created": "2014-01-09T12:42:17.215Z",
            "image": "images/2c7a6d49-2ba8-45c9-94d4-4aa148c52b73.jpg",
            "modified": "2014-01-09T12:42:17.216Z",
            "caption": ""
        }
    },
    {
        "pk": 5,
        "model": "core.image",
        "fields": {
            "target_url": "",
            "name": "Entrance 5",
            "created": "2014-01-09T12:42:28.524Z",
            "image": "images/d90043bc-2f6a-4293-8b98-932288bff21a.jpg",
            "modified": "2014-01-09T12:42:28.525Z",
            "caption": ""
        }
    },
    {
        "pk": 6,
        "model": "core.image",
        "fields": {
            "target_url": "http://chelseafc.com/",
            "name": "Bride 1",
            "created": "2014-01-09T12:44:46.261Z",
            "image": "images/b5185d96-b11e-4050-8e76-fa7e2939ebe4.jpg",
            "modified": "2014-01-10T06:38:42.573Z",
            "caption": ""
        }
    },
    {
        "pk": 7,
        "model": "core.image",
        "fields": {
            "target_url": "",
            "name": "Bride 2",
            "created": "2014-01-09T12:44:58.025Z",
            "image": "images/743a77e9-a98d-4850-8a2d-132fc18debf4.jpg",
            "modified": "2014-01-09T12:44:58.027Z",
            "caption": ""
        }
    },
    {
        "pk": 8,
        "model": "core.image",
        "fields": {
            "target_url": "",
            "name": "Bride 3",
            "created": "2014-01-09T12:45:16.224Z",
            "image": "images/56a33659-5aee-46bb-bbf3-308459c8da7a.jpg",
            "modified": "2014-01-09T12:45:16.225Z",
            "caption": ""
        }
    },
    {
        "pk": 9,
        "model": "core.image",
        "fields": {
            "target_url": "",
            "name": "Bride 4",
            "created": "2014-01-09T12:45:28.550Z",
            "image": "images/4f9ef5ed-b1e9-4fe3-9e1c-71a44ce8a9cc.jpg",
            "modified": "2014-01-09T12:45:28.552Z",
            "caption": ""
        }
    },
    {
        "pk": 10,
        "model": "core.image",
        "fields": {
            "target_url": "",
            "name": "Bride 5",
            "created": "2014-01-09T12:45:42.935Z",
            "image": "images/fc636388-75d1-471a-9d2a-c0c8c62d9e10.jpg",
            "modified": "2014-01-09T12:45:42.937Z",
            "caption": ""
        }
    },
    {
        "pk": 11,
        "model": "core.image",
        "fields": {
            "target_url": "",
            "name": "Oscar",
            "created": "2014-01-10T06:35:00.059Z",
            "image": "images/2743b4d7-77b3-4fd1-b531-6dd6ce490fc2.jpg",
            "modified": "2014-01-10T06:35:00.149Z",
            "caption": ""
        }
    },
    {
        "pk": 12,
        "model": "core.image",
        "fields": {
            "target_url": "",
            "name": "Mata",
            "created": "2014-01-10T06:35:09.576Z",
            "image": "images/f0aec8a2-5a0d-4d29-9018-a3ab6fd64a55.jpg",
            "modified": "2014-01-10T06:35:09.579Z",
            "caption": ""
        }
    },
    {
        "pk": 13,
        "model": "core.image",
        "fields": {
            "target_url": "",
            "name": "Hazard",
            "created": "2014-01-10T06:35:21.218Z",
            "image": "images/039dc2be-1fe4-4c92-a993-7e145719110d.jpg",
            "modified": "2014-01-10T06:35:21.221Z",
            "caption": ""
        }
    },
    {
        "pk": 14,
        "model": "core.image",
        "fields": {
            "target_url": "http://en.wikipedia.org/wiki/Fernando_Torres",
            "name": "Torres",
            "created": "2014-01-10T06:35:31.577Z",
            "image": "images/1e75b0f6-6612-44b5-bc99-5d17670c12ae.jpg",
            "modified": "2014-01-10T06:36:28.687Z",
            "caption": ""
        }
    },
    {
        "pk": 1,
        "model": "core.slideshowimage",
        "fields": {
            "image": 1,
            "slideshow": 8,
            "order": 1
        }
    },
    {
        "pk": 2,
        "model": "core.slideshowimage",
        "fields": {
            "image": 2,
            "slideshow": 8,
            "order": 2
        }
    },
    {
        "pk": 3,
        "model": "core.slideshowimage",
        "fields": {
            "image": 3,
            "slideshow": 8,
            "order": 3
        }
    },
    {
        "pk": 4,
        "model": "core.slideshowimage",
        "fields": {
            "image": 4,
            "slideshow": 8,
            "order": 4
        }
    },
    {
        "pk": 5,
        "model": "core.slideshowimage",
        "fields": {
            "image": 5,
            "slideshow": 8,
            "order": 5
        }
    },
    {
        "pk": 6,
        "model": "core.slideshowimage",
        "fields": {
            "image": 6,
            "slideshow": 9,
            "order": 1
        }
    },
    {
        "pk": 7,
        "model": "core.slideshowimage",
        "fields": {
            "image": 7,
            "slideshow": 9,
            "order": 2
        }
    },
    {
        "pk": 8,
        "model": "core.slideshowimage",
        "fields": {
            "image": 8,
            "slideshow": 9,
            "order": 3
        }
    },
    {
        "pk": 9,
        "model": "core.slideshowimage",
        "fields": {
            "image": 9,
            "slideshow": 9,
            "order": 4
        }
    },
    {
        "pk": 10,
        "model": "core.slideshowimage",
        "fields": {
            "image": 10,
            "slideshow": 9,
            "order": 5
        }
    },
    {
        "pk": 11,
        "model": "core.slideshowimage",
        "fields": {
            "image": 11,
            "slideshow": 12,
            "order": 1
        }
    },
    {
        "pk": 12,
        "model": "core.slideshowimage",
        "fields": {
            "image": 12,
            "slideshow": 12,
            "order": 2
        }
    },
    {
        "pk": 13,
        "model": "core.slideshowimage",
        "fields": {
            "image": 13,
            "slideshow": 12,
            "order": 3
        }
    },
    {
        "pk": 14,
        "model": "core.slideshowimage",
        "fields": {
            "image": 14,
            "slideshow": 12,
            "order": 4
        }
    },
    {
        "pk": 8,
        "model": "core.slideshow",
        "fields": {}
    },
    {
        "pk": 9,
        "model": "core.slideshow",
        "fields": {}
    },
    {
        "pk": 12,
        "model": "core.slideshow",
        "fields": {}
    },
    {
        "pk": 1,
        "model": "core.log",
        "fields": {
            "content_name": "Starbucks wall",
            "page_title": "Brand Club | Naturals",
            "location_cluster_id": 1,
            "location_store_id": 2,
            "user_device_height": 751,
            "content_location": "Cluster Home",
            "mobile_model": "",
            "access_date": "2014-02-20T06:38:56.952Z",
            "content_owner_brand_name": "Starbucks",
            "content_owner_brand_id": 1,
            "location_cluster_name": "Kormangala Bangalore",
            "state": "Karnataka",
            "user_unique_id": "bc_J1bSpS8GWR",
            "user_device_width": 1439,
            "mac_address": "",
            "user_ip_address": "",
            "location_brand_id": 2,
            "city": "Bangalore",
            "location_store_name": "Naturals Kormangala",
            "content_type": "Wallpaper",
            "mobile_make": "",
            "created": "2014-02-20T06:38:56.952Z",
            "referrer": "",
            "location_device_id": 121,
            "modified": "2014-02-20T06:38:56.952Z",
            "user_agent": "Mozilla/5.0 (Macintosh; Intel Mac OS X 10_9_1) AppleWebKit/537.36 (KHTML, like Gecko) Chrome/32.0.1700.107 Safari/537.36",
            "redirect_url": "",
            "action": "card in view",
            "content_id": "2",
            "location_brand_name": "Naturals"
        }
    },
    {
        "pk": 2,
        "model": "core.log",
        "fields": {
            "content_name": "Naturals wall",
            "page_title": "Brand Club | Naturals",
            "location_cluster_id": 1,
            "location_store_id": 2,
            "user_device_height": 751,
            "content_location": "Cluster Home",
            "mobile_model": "",
            "access_date": "2014-02-20T06:38:56.956Z",
            "content_owner_brand_name": "Naturals",
            "content_owner_brand_id": 2,
            "location_cluster_name": "Kormangala Bangalore",
            "state": "Karnataka",
            "user_unique_id": "bc_J1bSpS8GWR",
            "user_device_width": 1439,
            "mac_address": "",
            "user_ip_address": "",
            "location_brand_id": 2,
            "city": "Bangalore",
            "location_store_name": "Naturals Kormangala",
            "content_type": "Wallpaper",
            "mobile_make": "",
            "created": "2014-02-20T06:38:56.955Z",
            "referrer": "",
            "location_device_id": 121,
            "modified": "2014-02-20T06:38:56.956Z",
            "user_agent": "Mozilla/5.0 (Macintosh; Intel Mac OS X 10_9_1) AppleWebKit/537.36 (KHTML, like Gecko) Chrome/32.0.1700.107 Safari/537.36",
            "redirect_url": "",
            "action": "card in view",
            "content_id": "3",
            "location_brand_name": "Naturals"
        }
    },
    {
        "pk": 3,
        "model": "core.log",
        "fields": {
            "content_name": "",
            "page_title": "Cluster Home",
            "location_cluster_id": 1,
            "location_store_id": 2,
            "user_device_height": 751,
            "content_location": "",
            "mobile_model": "",
            "access_date": "2014-02-20T06:38:56.964Z",
            "content_owner_brand_name": "",
            "content_owner_brand_id": 0,
            "location_cluster_name": "Kormangala Bangalore",
            "state": "Karnataka",
            "user_unique_id": "bc_J1bSpS8GWR",
            "user_device_width": 1439,
            "mac_address": "",
            "user_ip_address": "",
            "location_brand_id": 2,
            "city": "Bangalore",
            "location_store_name": "Naturals Kormangala",
            "content_type": "",
            "mobile_make": "",
            "created": "2014-02-20T06:38:56.963Z",
            "referrer": "",
            "location_device_id": 121,
            "modified": "2014-02-20T06:38:56.964Z",
            "user_agent": "Mozilla/5.0 (Macintosh; Intel Mac OS X 10_9_1) AppleWebKit/537.36 (KHTML, like Gecko) Chrome/32.0.1700.107 Safari/537.36",
            "redirect_url": "",
            "action": "page load",
            "content_id": "-1",
            "location_brand_name": "Naturals"
        }
    },
    {
        "pk": 4,
        "model": "core.log",
        "fields": {
            "content_name": "Naturals wall",
            "page_title": "Brand Club | Naturals",
            "location_cluster_id": 1,
            "location_store_id": 2,
            "user_device_height": 751,
            "content_location": "Cluster Home",
            "mobile_model": "",
            "access_date": "2014-02-20T06:40:47.303Z",
            "content_owner_brand_name": "Naturals",
            "content_owner_brand_id": 2,
            "location_cluster_name": "Kormangala Bangalore",
            "state": "Karnataka",
            "user_unique_id": "bc_J1bSpS8GWR",
            "user_device_width": 1439,
            "mac_address": "",
            "user_ip_address": "",
            "location_brand_id": 2,
            "city": "Bangalore",
            "location_store_name": "Naturals Kormangala",
            "content_type": "Wallpaper",
            "mobile_make": "",
            "created": "2014-02-20T06:40:47.303Z",
            "referrer": "",
            "location_device_id": 121,
            "modified": "2014-02-20T06:40:47.303Z",
            "user_agent": "Mozilla/5.0 (Macintosh; Intel Mac OS X 10_9_1) AppleWebKit/537.36 (KHTML, like Gecko) Chrome/32.0.1700.107 Safari/537.36",
            "redirect_url": "/home/naturals",
            "action": "redirect click",
            "content_id": "3",
            "location_brand_name": "Naturals"
        }
    },
    {
        "pk": 5,
        "model": "core.log",
        "fields": {
            "content_name": "Bridal Collection",
            "page_title": "Brand Club | Naturals",
            "location_cluster_id": 1,
            "location_store_id": 2,
            "user_device_height": 751,
            "content_location": "Store Home",
            "mobile_model": "",
            "access_date": "2014-02-20T06:40:50.002Z",
            "content_owner_brand_name": "Naturals",
            "content_owner_brand_id": 2,
            "location_cluster_name": "Kormangala Bangalore",
            "state": "Karnataka",
            "user_unique_id": "bc_J1bSpS8GWR",
            "user_device_width": 1439,
            "mac_address": "",
            "user_ip_address": "",
            "location_brand_id": 2,
            "city": "Bangalore",
            "location_store_name": "Naturals Kormangala",
            "content_type": "Slide Show",
            "mobile_make": "",
            "created": "2014-02-20T06:40:50.002Z",
            "referrer": "http://0.0.0.0:8081/",
            "location_device_id": 121,
            "modified": "2014-02-20T06:40:50.002Z",
            "user_agent": "Mozilla/5.0 (Macintosh; Intel Mac OS X 10_9_1) AppleWebKit/537.36 (KHTML, like Gecko) Chrome/32.0.1700.107 Safari/537.36",
            "redirect_url": "",
            "action": "card in view",
            "content_id": "9",
            "location_brand_name": "Naturals"
        }
    },
    {
        "pk": 6,
        "model": "core.log",
        "fields": {
            "content_name": "Naturals wall 1",
            "page_title": "Brand Club | Naturals",
            "location_cluster_id": 1,
            "location_store_id": 2,
            "user_device_height": 751,
            "content_location": "Store Home",
            "mobile_model": "",
            "access_date": "2014-02-20T06:40:50.010Z",
            "content_owner_brand_name": "Naturals",
            "content_owner_brand_id": 2,
            "location_cluster_name": "Kormangala Bangalore",
            "state": "Karnataka",
            "user_unique_id": "bc_J1bSpS8GWR",
            "user_device_width": 1439,
            "mac_address": "",
            "user_ip_address": "",
            "location_brand_id": 2,
            "city": "Bangalore",
            "location_store_name": "Naturals Kormangala",
            "content_type": "Wallpaper",
            "mobile_make": "",
            "created": "2014-02-20T06:40:50.009Z",
            "referrer": "http://0.0.0.0:8081/",
            "location_device_id": 121,
            "modified": "2014-02-20T06:40:50.010Z",
            "user_agent": "Mozilla/5.0 (Macintosh; Intel Mac OS X 10_9_1) AppleWebKit/537.36 (KHTML, like Gecko) Chrome/32.0.1700.107 Safari/537.36",
            "redirect_url": "",
            "action": "card in view",
            "content_id": "6",
            "location_brand_name": "Naturals"
        }
    },
    {
        "pk": 7,
        "model": "core.log",
        "fields": {
            "content_name": "Naturals wall 2",
            "page_title": "Brand Club | Naturals",
            "location_cluster_id": 1,
            "location_store_id": 2,
            "user_device_height": 751,
            "content_location": "Store Home",
            "mobile_model": "",
            "access_date": "2014-02-20T06:40:50.021Z",
            "content_owner_brand_name": "Naturals",
            "content_owner_brand_id": 2,
            "location_cluster_name": "Kormangala Bangalore",
            "state": "Karnataka",
            "user_unique_id": "bc_J1bSpS8GWR",
            "user_device_width": 1439,
            "mac_address": "",
            "user_ip_address": "",
            "location_brand_id": 2,
            "city": "Bangalore",
            "location_store_name": "Naturals Kormangala",
            "content_type": "Wallpaper",
            "mobile_make": "",
            "created": "2014-02-20T06:40:50.021Z",
            "referrer": "http://0.0.0.0:8081/",
            "location_device_id": 121,
            "modified": "2014-02-20T06:40:50.021Z",
            "user_agent": "Mozilla/5.0 (Macintosh; Intel Mac OS X 10_9_1) AppleWebKit/537.36 (KHTML, like Gecko) Chrome/32.0.1700.107 Safari/537.36",
            "redirect_url": "",
            "action": "card in view",
            "content_id": "7",
            "location_brand_name": "Naturals"
        }
    },
    {
        "pk": 8,
        "model": "core.log",
        "fields": {
            "content_name": "Cfc all the way",
            "page_title": "Brand Club | Naturals",
            "location_cluster_id": 1,
            "location_store_id": 2,
            "user_device_height": 751,
            "content_location": "Store Home",
            "mobile_model": "",
            "access_date": "2014-02-20T06:40:50.030Z",
            "content_owner_brand_name": "Starbucks",
            "content_owner_brand_id": 1,
            "location_cluster_name": "Kormangala Bangalore",
            "state": "Karnataka",
            "user_unique_id": "bc_J1bSpS8GWR",
            "user_device_width": 1439,
            "mac_address": "",
            "user_ip_address": "",
            "location_brand_id": 2,
            "city": "Bangalore",
            "location_store_name": "Naturals Kormangala",
            "content_type": "Slide Show",
            "mobile_make": "",
            "created": "2014-02-20T06:40:50.029Z",
            "referrer": "http://0.0.0.0:8081/",
            "location_device_id": 121,
            "modified": "2014-02-20T06:40:50.030Z",
            "user_agent": "Mozilla/5.0 (Macintosh; Intel Mac OS X 10_9_1) AppleWebKit/537.36 (KHTML, like Gecko) Chrome/32.0.1700.107 Safari/537.36",
            "redirect_url": "",
            "action": "card in view",
            "content_id": "12",
            "location_brand_name": "Naturals"
        }
    },
    {
        "pk": 9,
        "model": "core.log",
        "fields": {
            "content_name": "Cfc all the way",
            "page_title": "Brand Club | Naturals",
            "location_cluster_id": 1,
            "location_store_id": 2,
            "user_device_height": 751,
            "content_location": "Store Home",
            "mobile_model": "",
            "access_date": "2014-02-20T06:40:50.043Z",
            "content_owner_brand_name": "Starbucks",
            "content_owner_brand_id": 1,
            "location_cluster_name": "Kormangala Bangalore",
            "state": "Karnataka",
            "user_unique_id": "bc_J1bSpS8GWR",
            "user_device_width": 1439,
            "mac_address": "",
            "user_ip_address": "",
            "location_brand_id": 2,
            "city": "Bangalore",
            "location_store_name": "Naturals Kormangala",
            "content_type": "Slide Show",
            "mobile_make": "",
            "created": "2014-02-20T06:40:50.042Z",
            "referrer": "http://0.0.0.0:8081/",
            "location_device_id": 121,
            "modified": "2014-02-20T06:40:50.043Z",
            "user_agent": "Mozilla/5.0 (Macintosh; Intel Mac OS X 10_9_1) AppleWebKit/537.36 (KHTML, like Gecko) Chrome/32.0.1700.107 Safari/537.36",
            "redirect_url": "",
            "action": "Slide",
            "content_id": "12",
            "location_brand_name": "Naturals"
        }
    },
    {
        "pk": 10,
        "model": "core.log",
        "fields": {
            "content_name": "Bridal Collection",
            "page_title": "Brand Club | Naturals",
            "location_cluster_id": 1,
            "location_store_id": 2,
            "user_device_height": 751,
            "content_location": "Store Home",
            "mobile_model": "",
            "access_date": "2014-02-20T06:40:50.048Z",
            "content_owner_brand_name": "Naturals",
            "content_owner_brand_id": 2,
            "location_cluster_name": "Kormangala Bangalore",
            "state": "Karnataka",
            "user_unique_id": "bc_J1bSpS8GWR",
            "user_device_width": 1439,
            "mac_address": "",
            "user_ip_address": "",
            "location_brand_id": 2,
            "city": "Bangalore",
            "location_store_name": "Naturals Kormangala",
            "content_type": "Slide Show",
            "mobile_make": "",
            "created": "2014-02-20T06:40:50.048Z",
            "referrer": "http://0.0.0.0:8081/",
            "location_device_id": 121,
            "modified": "2014-02-20T06:40:50.048Z",
            "user_agent": "Mozilla/5.0 (Macintosh; Intel Mac OS X 10_9_1) AppleWebKit/537.36 (KHTML, like Gecko) Chrome/32.0.1700.107 Safari/537.36",
            "redirect_url": "",
            "action": "Slide",
            "content_id": "9",
            "location_brand_name": "Naturals"
        }
    },
    {
        "pk": 11,
        "model": "core.log",
        "fields": {
            "content_name": "",
            "page_title": "Store Home",
            "location_cluster_id": 1,
            "location_store_id": 2,
            "user_device_height": 751,
            "content_location": "",
            "mobile_model": "",
            "access_date": "2014-02-20T06:40:50.151Z",
            "content_owner_brand_name": "",
            "content_owner_brand_id": 0,
            "location_cluster_name": "Kormangala Bangalore",
            "state": "Karnataka",
            "user_unique_id": "bc_J1bSpS8GWR",
            "user_device_width": 1439,
            "mac_address": "",
            "user_ip_address": "",
            "location_brand_id": 2,
            "city": "Bangalore",
            "location_store_name": "Naturals Kormangala",
            "content_type": "",
            "mobile_make": "",
            "created": "2014-02-20T06:40:50.150Z",
            "referrer": "http://0.0.0.0:8081/",
            "location_device_id": 121,
            "modified": "2014-02-20T06:40:50.151Z",
            "user_agent": "Mozilla/5.0 (Macintosh; Intel Mac OS X 10_9_1) AppleWebKit/537.36 (KHTML, like Gecko) Chrome/32.0.1700.107 Safari/537.36",
            "redirect_url": "",
            "action": "page load",
            "content_id": "-2",
            "location_brand_name": "Naturals"
        }
    },
    {
        "pk": 12,
        "model": "core.log",
        "fields": {
            "content_name": "Bridal Collection",
            "page_title": "Brand Club | Naturals",
            "location_cluster_id": 1,
            "location_store_id": 2,
            "user_device_height": 751,
            "content_location": "Store Home",
            "mobile_model": "",
            "access_date": "2014-02-20T06:40:55.456Z",
            "content_owner_brand_name": "Naturals",
            "content_owner_brand_id": 2,
            "location_cluster_name": "Kormangala Bangalore",
            "state": "Karnataka",
            "user_unique_id": "bc_J1bSpS8GWR",
            "user_device_width": 1439,
            "mac_address": "",
            "user_ip_address": "",
            "location_brand_id": 2,
            "city": "Bangalore",
            "location_store_name": "Naturals Kormangala",
            "content_type": "Slide Show",
            "mobile_make": "",
            "created": "2014-02-20T06:40:55.455Z",
            "referrer": "http://0.0.0.0:8081/",
            "location_device_id": 121,
            "modified": "2014-02-20T06:40:55.456Z",
            "user_agent": "Mozilla/5.0 (Macintosh; Intel Mac OS X 10_9_1) AppleWebKit/537.36 (KHTML, like Gecko) Chrome/32.0.1700.107 Safari/537.36",
            "redirect_url": "",
            "action": "Slide",
            "content_id": "9",
            "location_brand_name": "Naturals"
        }
    },
    {
        "pk": 13,
        "model": "core.log",
        "fields": {
            "content_name": "Cfc all the way",
            "page_title": "Brand Club | Naturals",
            "location_cluster_id": 1,
            "location_store_id": 2,
            "user_device_height": 751,
            "content_location": "Store Home",
            "mobile_model": "",
            "access_date": "2014-02-20T06:40:56.708Z",
            "content_owner_brand_name": "Starbucks",
            "content_owner_brand_id": 1,
            "location_cluster_name": "Kormangala Bangalore",
            "state": "Karnataka",
            "user_unique_id": "bc_J1bSpS8GWR",
            "user_device_width": 1439,
            "mac_address": "",
            "user_ip_address": "",
            "location_brand_id": 2,
            "city": "Bangalore",
            "location_store_name": "Naturals Kormangala",
            "content_type": "Slide Show",
            "mobile_make": "",
            "created": "2014-02-20T06:40:56.708Z",
            "referrer": "http://0.0.0.0:8081/",
            "location_device_id": 121,
            "modified": "2014-02-20T06:40:56.708Z",
            "user_agent": "Mozilla/5.0 (Macintosh; Intel Mac OS X 10_9_1) AppleWebKit/537.36 (KHTML, like Gecko) Chrome/32.0.1700.107 Safari/537.36",
            "redirect_url": "",
            "action": "Slide",
            "content_id": "12",
            "location_brand_name": "Naturals"
        }
    },
    {
        "pk": 14,
        "model": "core.log",
        "fields": {
            "content_name": "Bridal Collection",
            "page_title": "Brand Club | Naturals",
            "location_cluster_id": 1,
            "location_store_id": 2,
            "user_device_height": 751,
            "content_location": "Store Home",
            "mobile_model": "",
            "access_date": "2014-02-20T06:41:00.865Z",
            "content_owner_brand_name": "Naturals",
            "content_owner_brand_id": 2,
            "location_cluster_name": "Kormangala Bangalore",
            "state": "Karnataka",
            "user_unique_id": "bc_J1bSpS8GWR",
            "user_device_width": 1439,
            "mac_address": "",
            "user_ip_address": "",
            "location_brand_id": 2,
            "city": "Bangalore",
            "location_store_name": "Naturals Kormangala",
            "content_type": "Slide Show",
            "mobile_make": "",
            "created": "2014-02-20T06:41:00.864Z",
            "referrer": "http://0.0.0.0:8081/",
            "location_device_id": 121,
            "modified": "2014-02-20T06:41:00.864Z",
            "user_agent": "Mozilla/5.0 (Macintosh; Intel Mac OS X 10_9_1) AppleWebKit/537.36 (KHTML, like Gecko) Chrome/32.0.1700.107 Safari/537.36",
            "redirect_url": "",
            "action": "Slide",
            "content_id": "9",
            "location_brand_name": "Naturals"
        }
    },
    {
        "pk": 15,
        "model": "core.log",
        "fields": {
            "content_name": "Cfc all the way",
            "page_title": "Brand Club | Naturals",
            "location_cluster_id": 1,
            "location_store_id": 2,
            "user_device_height": 751,
            "content_location": "Store Home",
            "mobile_model": "",
            "access_date": "2014-02-20T06:41:02.139Z",
            "content_owner_brand_name": "Starbucks",
            "content_owner_brand_id": 1,
            "location_cluster_name": "Kormangala Bangalore",
            "state": "Karnataka",
            "user_unique_id": "bc_J1bSpS8GWR",
            "user_device_width": 1439,
            "mac_address": "",
            "user_ip_address": "",
            "location_brand_id": 2,
            "city": "Bangalore",
            "location_store_name": "Naturals Kormangala",
            "content_type": "Slide Show",
            "mobile_make": "",
            "created": "2014-02-20T06:41:02.138Z",
            "referrer": "http://0.0.0.0:8081/",
            "location_device_id": 121,
            "modified": "2014-02-20T06:41:02.139Z",
            "user_agent": "Mozilla/5.0 (Macintosh; Intel Mac OS X 10_9_1) AppleWebKit/537.36 (KHTML, like Gecko) Chrome/32.0.1700.107 Safari/537.36",
            "redirect_url": "",
            "action": "Slide",
            "content_id": "12",
            "location_brand_name": "Naturals"
        }
    },
    {
        "pk": 16,
        "model": "core.log",
        "fields": {
            "content_name": "Bridal Collection",
            "page_title": "Brand Club | Naturals",
            "location_cluster_id": 1,
            "location_store_id": 2,
            "user_device_height": 751,
            "content_location": "Store Home",
            "mobile_model": "",
            "access_date": "2014-02-20T06:41:06.276Z",
            "content_owner_brand_name": "Naturals",
            "content_owner_brand_id": 2,
            "location_cluster_name": "Kormangala Bangalore",
            "state": "Karnataka",
            "user_unique_id": "bc_J1bSpS8GWR",
            "user_device_width": 1439,
            "mac_address": "",
            "user_ip_address": "",
            "location_brand_id": 2,
            "city": "Bangalore",
            "location_store_name": "Naturals Kormangala",
            "content_type": "Slide Show",
            "mobile_make": "",
            "created": "2014-02-20T06:41:06.276Z",
            "referrer": "http://0.0.0.0:8081/",
            "location_device_id": 121,
            "modified": "2014-02-20T06:41:06.276Z",
            "user_agent": "Mozilla/5.0 (Macintosh; Intel Mac OS X 10_9_1) AppleWebKit/537.36 (KHTML, like Gecko) Chrome/32.0.1700.107 Safari/537.36",
            "redirect_url": "",
            "action": "Slide",
            "content_id": "9",
            "location_brand_name": "Naturals"
        }
    },
    {
        "pk": 17,
        "model": "core.log",
        "fields": {
            "content_name": "Cfc all the way",
            "page_title": "Brand Club | Naturals",
            "location_cluster_id": 1,
            "location_store_id": 2,
            "user_device_height": 751,
            "content_location": "Store Home",
            "mobile_model": "",
            "access_date": "2014-02-20T06:41:07.561Z",
            "content_owner_brand_name": "Starbucks",
            "content_owner_brand_id": 1,
            "location_cluster_name": "Kormangala Bangalore",
            "state": "Karnataka",
            "user_unique_id": "bc_J1bSpS8GWR",
            "user_device_width": 1439,
            "mac_address": "",
            "user_ip_address": "",
            "location_brand_id": 2,
            "city": "Bangalore",
            "location_store_name": "Naturals Kormangala",
            "content_type": "Slide Show",
            "mobile_make": "",
            "created": "2014-02-20T06:41:07.561Z",
            "referrer": "http://0.0.0.0:8081/",
            "location_device_id": 121,
            "modified": "2014-02-20T06:41:07.561Z",
            "user_agent": "Mozilla/5.0 (Macintosh; Intel Mac OS X 10_9_1) AppleWebKit/537.36 (KHTML, like Gecko) Chrome/32.0.1700.107 Safari/537.36",
            "redirect_url": "",
            "action": "Slide",
            "content_id": "12",
            "location_brand_name": "Naturals"
        }
    },
    {
        "pk": 18,
        "model": "core.log",
        "fields": {
            "content_name": "Bridal Collection",
            "page_title": "Brand Club | Naturals",
            "location_cluster_id": 1,
            "location_store_id": 2,
            "user_device_height": 751,
            "content_location": "Store Home",
            "mobile_model": "",
            "access_date": "2014-02-20T06:41:11.687Z",
            "content_owner_brand_name": "Naturals",
            "content_owner_brand_id": 2,
            "location_cluster_name": "Kormangala Bangalore",
            "state": "Karnataka",
            "user_unique_id": "bc_J1bSpS8GWR",
            "user_device_width": 1439,
            "mac_address": "",
            "user_ip_address": "",
            "location_brand_id": 2,
            "city": "Bangalore",
            "location_store_name": "Naturals Kormangala",
            "content_type": "Slide Show",
            "mobile_make": "",
            "created": "2014-02-20T06:41:11.687Z",
            "referrer": "http://0.0.0.0:8081/",
            "location_device_id": 121,
            "modified": "2014-02-20T06:41:11.687Z",
            "user_agent": "Mozilla/5.0 (Macintosh; Intel Mac OS X 10_9_1) AppleWebKit/537.36 (KHTML, like Gecko) Chrome/32.0.1700.107 Safari/537.36",
            "redirect_url": "",
            "action": "Slide",
            "content_id": "9",
            "location_brand_name": "Naturals"
        }
    },
    {
        "pk": 19,
        "model": "core.log",
        "fields": {
            "content_name": "Cfc all the way",
            "page_title": "Brand Club | Naturals",
            "location_cluster_id": 1,
            "location_store_id": 2,
            "user_device_height": 751,
            "content_location": "Store Home",
            "mobile_model": "",
            "access_date": "2014-02-20T06:41:12.992Z",
            "content_owner_brand_name": "Starbucks",
            "content_owner_brand_id": 1,
            "location_cluster_name": "Kormangala Bangalore",
            "state": "Karnataka",
            "user_unique_id": "bc_J1bSpS8GWR",
            "user_device_width": 1439,
            "mac_address": "",
            "user_ip_address": "",
            "location_brand_id": 2,
            "city": "Bangalore",
            "location_store_name": "Naturals Kormangala",
            "content_type": "Slide Show",
            "mobile_make": "",
            "created": "2014-02-20T06:41:12.991Z",
            "referrer": "http://0.0.0.0:8081/",
            "location_device_id": 121,
            "modified": "2014-02-20T06:41:12.992Z",
            "user_agent": "Mozilla/5.0 (Macintosh; Intel Mac OS X 10_9_1) AppleWebKit/537.36 (KHTML, like Gecko) Chrome/32.0.1700.107 Safari/537.36",
            "redirect_url": "",
            "action": "Slide",
            "content_id": "12",
            "location_brand_name": "Naturals"
        }
    },
    {
        "pk": 20,
        "model": "core.log",
        "fields": {
            "content_name": "Bridal Collection",
            "page_title": "Brand Club | Naturals",
            "location_cluster_id": 1,
            "location_store_id": 2,
            "user_device_height": 751,
            "content_location": "Store Home",
            "mobile_model": "",
            "access_date": "2014-02-20T06:41:17.115Z",
            "content_owner_brand_name": "Naturals",
            "content_owner_brand_id": 2,
            "location_cluster_name": "Kormangala Bangalore",
            "state": "Karnataka",
            "user_unique_id": "bc_J1bSpS8GWR",
            "user_device_width": 1439,
            "mac_address": "",
            "user_ip_address": "",
            "location_brand_id": 2,
            "city": "Bangalore",
            "location_store_name": "Naturals Kormangala",
            "content_type": "Slide Show",
            "mobile_make": "",
            "created": "2014-02-20T06:41:17.115Z",
            "referrer": "http://0.0.0.0:8081/",
            "location_device_id": 121,
            "modified": "2014-02-20T06:41:17.115Z",
            "user_agent": "Mozilla/5.0 (Macintosh; Intel Mac OS X 10_9_1) AppleWebKit/537.36 (KHTML, like Gecko) Chrome/32.0.1700.107 Safari/537.36",
            "redirect_url": "",
            "action": "Slide",
            "content_id": "9",
            "location_brand_name": "Naturals"
        }
    },
    {
        "pk": 21,
        "model": "core.log",
        "fields": {
            "content_name": "Cfc all the way",
            "page_title": "Brand Club | Naturals",
            "location_cluster_id": 1,
            "location_store_id": 2,
            "user_device_height": 751,
            "content_location": "Store Home",
            "mobile_model": "",
            "access_date": "2014-02-20T06:41:18.415Z",
            "content_owner_brand_name": "Starbucks",
            "content_owner_brand_id": 1,
            "location_cluster_name": "Kormangala Bangalore",
            "state": "Karnataka",
            "user_unique_id": "bc_J1bSpS8GWR",
            "user_device_width": 1439,
            "mac_address": "",
            "user_ip_address": "",
            "location_brand_id": 2,
            "city": "Bangalore",
            "location_store_name": "Naturals Kormangala",
            "content_type": "Slide Show",
            "mobile_make": "",
            "created": "2014-02-20T06:41:18.415Z",
            "referrer": "http://0.0.0.0:8081/",
            "location_device_id": 121,
            "modified": "2014-02-20T06:41:18.415Z",
            "user_agent": "Mozilla/5.0 (Macintosh; Intel Mac OS X 10_9_1) AppleWebKit/537.36 (KHTML, like Gecko) Chrome/32.0.1700.107 Safari/537.36",
            "redirect_url": "",
            "action": "Slide",
            "content_id": "12",
            "location_brand_name": "Naturals"
        }
    },
    {
        "pk": 22,
        "model": "core.log",
        "fields": {
            "content_name": "Bridal Collection",
            "page_title": "Brand Club | Naturals",
            "location_cluster_id": 1,
            "location_store_id": 2,
            "user_device_height": 751,
            "content_location": "Store Home",
            "mobile_model": "",
            "access_date": "2014-02-20T06:41:22.542Z",
            "content_owner_brand_name": "Naturals",
            "content_owner_brand_id": 2,
            "location_cluster_name": "Kormangala Bangalore",
            "state": "Karnataka",
            "user_unique_id": "bc_J1bSpS8GWR",
            "user_device_width": 1439,
            "mac_address": "",
            "user_ip_address": "",
            "location_brand_id": 2,
            "city": "Bangalore",
            "location_store_name": "Naturals Kormangala",
            "content_type": "Slide Show",
            "mobile_make": "",
            "created": "2014-02-20T06:41:22.542Z",
            "referrer": "http://0.0.0.0:8081/",
            "location_device_id": 121,
            "modified": "2014-02-20T06:41:22.542Z",
            "user_agent": "Mozilla/5.0 (Macintosh; Intel Mac OS X 10_9_1) AppleWebKit/537.36 (KHTML, like Gecko) Chrome/32.0.1700.107 Safari/537.36",
            "redirect_url": "",
            "action": "Slide",
            "content_id": "9",
            "location_brand_name": "Naturals"
        }
    },
    {
        "pk": 23,
        "model": "core.log",
        "fields": {
            "content_name": "",
            "page_title": "Store Info",
            "location_cluster_id": 1,
            "location_store_id": 2,
            "user_device_height": 751,
            "content_location": "",
            "mobile_model": "",
            "access_date": "2014-02-20T06:41:23.487Z",
            "content_owner_brand_name": "",
            "content_owner_brand_id": 0,
            "location_cluster_name": "Kormangala Bangalore",
            "state": "Karnataka",
            "user_unique_id": "bc_J1bSpS8GWR",
            "user_device_width": 1439,
            "mac_address": "",
            "user_ip_address": "",
            "location_brand_id": 2,
            "city": "Bangalore",
            "location_store_name": "Naturals Kormangala",
            "content_type": "",
            "mobile_make": "",
            "created": "2014-02-20T06:41:23.487Z",
            "referrer": "http://0.0.0.0:8081/home/naturals/",
            "location_device_id": 121,
            "modified": "2014-02-20T06:41:23.487Z",
            "user_agent": "Mozilla/5.0 (Macintosh; Intel Mac OS X 10_9_1) AppleWebKit/537.36 (KHTML, like Gecko) Chrome/32.0.1700.107 Safari/537.36",
            "redirect_url": "",
            "action": "page load",
            "content_id": "-3",
            "location_brand_name": "Naturals"
        }
    },
    {
        "pk": 24,
        "model": "core.log",
        "fields": {
            "content_name": "Info on Naturals",
            "page_title": "Brand Club | Naturals",
            "location_cluster_id": 1,
            "location_store_id": 2,
            "user_device_height": 751,
            "content_location": "Store Info",
            "mobile_model": "",
            "access_date": "2014-02-20T06:41:23.692Z",
            "content_owner_brand_name": "Naturals",
            "content_owner_brand_id": 2,
            "location_cluster_name": "Kormangala Bangalore",
            "state": "Karnataka",
            "user_unique_id": "bc_J1bSpS8GWR",
            "user_device_width": 1439,
            "mac_address": "",
            "user_ip_address": "",
            "location_brand_id": 2,
            "city": "Bangalore",
            "location_store_name": "Naturals Kormangala",
            "content_type": "Wallpaper",
            "mobile_make": "",
            "created": "2014-02-20T06:41:23.691Z",
            "referrer": "http://0.0.0.0:8081/home/naturals/",
            "location_device_id": 121,
            "modified": "2014-02-20T06:41:23.692Z",
            "user_agent": "Mozilla/5.0 (Macintosh; Intel Mac OS X 10_9_1) AppleWebKit/537.36 (KHTML, like Gecko) Chrome/32.0.1700.107 Safari/537.36",
            "redirect_url": "",
            "action": "card in view",
            "content_id": "11",
            "location_brand_name": "Naturals"
        }
    },
    {
        "pk": 25,
        "model": "core.log",
        "fields": {
            "content_name": "Bridal Collection",
            "page_title": "Brand Club | Naturals",
            "location_cluster_id": 1,
            "location_store_id": 2,
            "user_device_height": 751,
            "content_location": "Store Home",
            "mobile_model": "",
            "access_date": "2014-02-20T06:42:30.712Z",
            "content_owner_brand_name": "Naturals",
            "content_owner_brand_id": 2,
            "location_cluster_name": "Kormangala Bangalore",
            "state": "Karnataka",
            "user_unique_id": "bc_J1bSpS8GWR",
            "user_device_width": 1439,
            "mac_address": "",
            "user_ip_address": "",
            "location_brand_id": 2,
            "city": "Bangalore",
            "location_store_name": "Naturals Kormangala",
            "content_type": "Slide Show",
            "mobile_make": "",
            "created": "2014-02-20T06:42:30.712Z",
            "referrer": "http://0.0.0.0:8081/si/2/",
            "location_device_id": 121,
            "modified": "2014-02-20T06:42:30.712Z",
            "user_agent": "Mozilla/5.0 (Macintosh; Intel Mac OS X 10_9_1) AppleWebKit/537.36 (KHTML, like Gecko) Chrome/32.0.1700.107 Safari/537.36",
            "redirect_url": "",
            "action": "Slide",
            "content_id": "9",
            "location_brand_name": "Naturals"
        }
    },
    {
        "pk": 26,
        "model": "core.log",
        "fields": {
            "content_name": "",
            "page_title": "Store Home",
            "location_cluster_id": 1,
            "location_store_id": 2,
            "user_device_height": 751,
            "content_location": "",
            "mobile_model": "",
            "access_date": "2014-02-20T06:42:30.719Z",
            "content_owner_brand_name": "",
            "content_owner_brand_id": 0,
            "location_cluster_name": "Kormangala Bangalore",
            "state": "Karnataka",
            "user_unique_id": "bc_J1bSpS8GWR",
            "user_device_width": 1439,
            "mac_address": "",
            "user_ip_address": "",
            "location_brand_id": 2,
            "city": "Bangalore",
            "location_store_name": "Naturals Kormangala",
            "content_type": "",
            "mobile_make": "",
            "created": "2014-02-20T06:42:30.718Z",
            "referrer": "http://0.0.0.0:8081/si/2/",
            "location_device_id": 121,
            "modified": "2014-02-20T06:42:30.719Z",
            "user_agent": "Mozilla/5.0 (Macintosh; Intel Mac OS X 10_9_1) AppleWebKit/537.36 (KHTML, like Gecko) Chrome/32.0.1700.107 Safari/537.36",
            "redirect_url": "",
            "action": "page load",
            "content_id": "-2",
            "location_brand_name": "Naturals"
        }
    },
    {
        "pk": 27,
        "model": "core.log",
        "fields": {
            "content_name": "Bridal Collection",
            "page_title": "Brand Club | Naturals",
            "location_cluster_id": 1,
            "location_store_id": 2,
            "user_device_height": 751,
            "content_location": "Store Home",
            "mobile_model": "",
            "access_date": "2014-02-20T06:42:30.726Z",
            "content_owner_brand_name": "Naturals",
            "content_owner_brand_id": 2,
            "location_cluster_name": "Kormangala Bangalore",
            "state": "Karnataka",
            "user_unique_id": "bc_J1bSpS8GWR",
            "user_device_width": 1439,
            "mac_address": "",
            "user_ip_address": "",
            "location_brand_id": 2,
            "city": "Bangalore",
            "location_store_name": "Naturals Kormangala",
            "content_type": "Slide Show",
            "mobile_make": "",
            "created": "2014-02-20T06:42:30.726Z",
            "referrer": "http://0.0.0.0:8081/si/2/",
            "location_device_id": 121,
            "modified": "2014-02-20T06:42:30.726Z",
            "user_agent": "Mozilla/5.0 (Macintosh; Intel Mac OS X 10_9_1) AppleWebKit/537.36 (KHTML, like Gecko) Chrome/32.0.1700.107 Safari/537.36",
            "redirect_url": "",
            "action": "card in view",
            "content_id": "9",
            "location_brand_name": "Naturals"
        }
    },
    {
        "pk": 28,
        "model": "core.log",
        "fields": {
            "content_name": "Naturals wall 1",
            "page_title": "Brand Club | Naturals",
            "location_cluster_id": 1,
            "location_store_id": 2,
            "user_device_height": 751,
            "content_location": "Store Home",
            "mobile_model": "",
            "access_date": "2014-02-20T06:42:30.735Z",
            "content_owner_brand_name": "Naturals",
            "content_owner_brand_id": 2,
            "location_cluster_name": "Kormangala Bangalore",
            "state": "Karnataka",
            "user_unique_id": "bc_J1bSpS8GWR",
            "user_device_width": 1439,
            "mac_address": "",
            "user_ip_address": "",
            "location_brand_id": 2,
            "city": "Bangalore",
            "location_store_name": "Naturals Kormangala",
            "content_type": "Wallpaper",
            "mobile_make": "",
            "created": "2014-02-20T06:42:30.734Z",
            "referrer": "http://0.0.0.0:8081/si/2/",
            "location_device_id": 121,
            "modified": "2014-02-20T06:42:30.734Z",
            "user_agent": "Mozilla/5.0 (Macintosh; Intel Mac OS X 10_9_1) AppleWebKit/537.36 (KHTML, like Gecko) Chrome/32.0.1700.107 Safari/537.36",
            "redirect_url": "",
            "action": "card in view",
            "content_id": "6",
            "location_brand_name": "Naturals"
        }
    },
    {
        "pk": 29,
        "model": "core.log",
        "fields": {
            "content_name": "Cfc all the way",
            "page_title": "Brand Club | Naturals",
            "location_cluster_id": 1,
            "location_store_id": 2,
            "user_device_height": 751,
            "content_location": "Store Home",
            "mobile_model": "",
            "access_date": "2014-02-20T06:42:30.737Z",
            "content_owner_brand_name": "Starbucks",
            "content_owner_brand_id": 1,
            "location_cluster_name": "Kormangala Bangalore",
            "state": "Karnataka",
            "user_unique_id": "bc_J1bSpS8GWR",
            "user_device_width": 1439,
            "mac_address": "",
            "user_ip_address": "",
            "location_brand_id": 2,
            "city": "Bangalore",
            "location_store_name": "Naturals Kormangala",
            "content_type": "Slide Show",
            "mobile_make": "",
            "created": "2014-02-20T06:42:30.737Z",
            "referrer": "http://0.0.0.0:8081/si/2/",
            "location_device_id": 121,
            "modified": "2014-02-20T06:42:30.737Z",
            "user_agent": "Mozilla/5.0 (Macintosh; Intel Mac OS X 10_9_1) AppleWebKit/537.36 (KHTML, like Gecko) Chrome/32.0.1700.107 Safari/537.36",
            "redirect_url": "",
            "action": "Slide",
            "content_id": "12",
            "location_brand_name": "Naturals"
        }
    },
    {
        "pk": 30,
        "model": "core.log",
        "fields": {
            "content_name": "Naturals wall 2",
            "page_title": "Brand Club | Naturals",
            "location_cluster_id": 1,
            "location_store_id": 2,
            "user_device_height": 751,
            "content_location": "Store Home",
            "mobile_model": "",
            "access_date": "2014-02-20T06:42:30.759Z",
            "content_owner_brand_name": "Naturals",
            "content_owner_brand_id": 2,
            "location_cluster_name": "Kormangala Bangalore",
            "state": "Karnataka",
            "user_unique_id": "bc_J1bSpS8GWR",
            "user_device_width": 1439,
            "mac_address": "",
            "user_ip_address": "",
            "location_brand_id": 2,
            "city": "Bangalore",
            "location_store_name": "Naturals Kormangala",
            "content_type": "Wallpaper",
            "mobile_make": "",
            "created": "2014-02-20T06:42:30.758Z",
            "referrer": "http://0.0.0.0:8081/si/2/",
            "location_device_id": 121,
            "modified": "2014-02-20T06:42:30.759Z",
            "user_agent": "Mozilla/5.0 (Macintosh; Intel Mac OS X 10_9_1) AppleWebKit/537.36 (KHTML, like Gecko) Chrome/32.0.1700.107 Safari/537.36",
            "redirect_url": "",
            "action": "card in view",
            "content_id": "7",
            "location_brand_name": "Naturals"
        }
    },
    {
        "pk": 31,
        "model": "core.log",
        "fields": {
            "content_name": "Cfc all the way",
            "page_title": "Brand Club | Naturals",
            "location_cluster_id": 1,
            "location_store_id": 2,
            "user_device_height": 751,
            "content_location": "Store Home",
            "mobile_model": "",
            "access_date": "2014-02-20T06:42:30.813Z",
            "content_owner_brand_name": "Starbucks",
            "content_owner_brand_id": 1,
            "location_cluster_name": "Kormangala Bangalore",
            "state": "Karnataka",
            "user_unique_id": "bc_J1bSpS8GWR",
            "user_device_width": 1439,
            "mac_address": "",
            "user_ip_address": "",
            "location_brand_id": 2,
            "city": "Bangalore",
            "location_store_name": "Naturals Kormangala",
            "content_type": "Slide Show",
            "mobile_make": "",
            "created": "2014-02-20T06:42:30.813Z",
            "referrer": "http://0.0.0.0:8081/si/2/",
            "location_device_id": 121,
            "modified": "2014-02-20T06:42:30.813Z",
            "user_agent": "Mozilla/5.0 (Macintosh; Intel Mac OS X 10_9_1) AppleWebKit/537.36 (KHTML, like Gecko) Chrome/32.0.1700.107 Safari/537.36",
            "redirect_url": "",
            "action": "card in view",
            "content_id": "12",
            "location_brand_name": "Naturals"
        }
    },
    {
        "pk": 32,
        "model": "core.log",
        "fields": {
            "content_name": "",
            "page_title": "Cluster Home",
            "location_cluster_id": 1,
            "location_store_id": 2,
            "user_device_height": 751,
            "content_location": "",
            "mobile_model": "",
            "access_date": "2014-02-20T06:42:31.613Z",
            "content_owner_brand_name": "",
            "content_owner_brand_id": 0,
            "location_cluster_name": "Kormangala Bangalore",
            "state": "Karnataka",
            "user_unique_id": "bc_J1bSpS8GWR",
            "user_device_width": 1439,
            "mac_address": "",
            "user_ip_address": "",
            "location_brand_id": 2,
            "city": "Bangalore",
            "location_store_name": "Naturals Kormangala",
            "content_type": "",
            "mobile_make": "",
            "created": "2014-02-20T06:42:31.612Z",
            "referrer": "http://0.0.0.0:8081/home/naturals/",
            "location_device_id": 121,
            "modified": "2014-02-20T06:42:31.612Z",
            "user_agent": "Mozilla/5.0 (Macintosh; Intel Mac OS X 10_9_1) AppleWebKit/537.36 (KHTML, like Gecko) Chrome/32.0.1700.107 Safari/537.36",
            "redirect_url": "",
            "action": "page load",
            "content_id": "-1",
            "location_brand_name": "Naturals"
        }
    },
    {
        "pk": 33,
        "model": "core.log",
        "fields": {
            "content_name": "Starbucks wall",
            "page_title": "Brand Club | Naturals",
            "location_cluster_id": 1,
            "location_store_id": 2,
            "user_device_height": 751,
            "content_location": "Cluster Home",
            "mobile_model": "",
            "access_date": "2014-02-20T06:42:31.738Z",
            "content_owner_brand_name": "Starbucks",
            "content_owner_brand_id": 1,
            "location_cluster_name": "Kormangala Bangalore",
            "state": "Karnataka",
            "user_unique_id": "bc_J1bSpS8GWR",
            "user_device_width": 1439,
            "mac_address": "",
            "user_ip_address": "",
            "location_brand_id": 2,
            "city": "Bangalore",
            "location_store_name": "Naturals Kormangala",
            "content_type": "Wallpaper",
            "mobile_make": "",
            "created": "2014-02-20T06:42:31.737Z",
            "referrer": "http://0.0.0.0:8081/home/naturals/",
            "location_device_id": 121,
            "modified": "2014-02-20T06:42:31.738Z",
            "user_agent": "Mozilla/5.0 (Macintosh; Intel Mac OS X 10_9_1) AppleWebKit/537.36 (KHTML, like Gecko) Chrome/32.0.1700.107 Safari/537.36",
            "redirect_url": "",
            "action": "card in view",
            "content_id": "2",
            "location_brand_name": "Naturals"
        }
    },
    {
        "pk": 34,
        "model": "core.log",
        "fields": {
            "content_name": "Naturals wall",
            "page_title": "Brand Club | Naturals",
            "location_cluster_id": 1,
            "location_store_id": 2,
            "user_device_height": 751,
            "content_location": "Cluster Home",
            "mobile_model": "",
            "access_date": "2014-02-20T06:42:31.746Z",
            "content_owner_brand_name": "Naturals",
            "content_owner_brand_id": 2,
            "location_cluster_name": "Kormangala Bangalore",
            "state": "Karnataka",
            "user_unique_id": "bc_J1bSpS8GWR",
            "user_device_width": 1439,
            "mac_address": "",
            "user_ip_address": "",
            "location_brand_id": 2,
            "city": "Bangalore",
            "location_store_name": "Naturals Kormangala",
            "content_type": "Wallpaper",
            "mobile_make": "",
            "created": "2014-02-20T06:42:31.745Z",
            "referrer": "http://0.0.0.0:8081/home/naturals/",
            "location_device_id": 121,
            "modified": "2014-02-20T06:42:31.746Z",
            "user_agent": "Mozilla/5.0 (Macintosh; Intel Mac OS X 10_9_1) AppleWebKit/537.36 (KHTML, like Gecko) Chrome/32.0.1700.107 Safari/537.36",
            "redirect_url": "",
            "action": "card in view",
            "content_id": "3",
            "location_brand_name": "Naturals"
        }
    },
    {
        "pk": 35,
        "model": "core.log",
        "fields": {
            "content_name": "",
            "page_title": "Cluster Info",
            "location_cluster_id": 1,
            "location_store_id": 2,
            "user_device_height": 751,
            "content_location": "",
            "mobile_model": "",
            "access_date": "2014-02-20T06:42:35.283Z",
            "content_owner_brand_name": "",
            "content_owner_brand_id": 0,
            "location_cluster_name": "Kormangala Bangalore",
            "state": "Karnataka",
            "user_unique_id": "bc_J1bSpS8GWR",
            "user_device_width": 1439,
            "mac_address": "",
            "user_ip_address": "",
            "location_brand_id": 2,
            "city": "Bangalore",
            "location_store_name": "Naturals Kormangala",
            "content_type": "",
            "mobile_make": "",
            "created": "2014-02-20T06:42:35.282Z",
            "referrer": "http://0.0.0.0:8081/naturals/",
            "location_device_id": 121,
            "modified": "2014-02-20T06:42:35.283Z",
            "user_agent": "Mozilla/5.0 (Macintosh; Intel Mac OS X 10_9_1) AppleWebKit/537.36 (KHTML, like Gecko) Chrome/32.0.1700.107 Safari/537.36",
            "redirect_url": "",
            "action": "page load",
            "content_id": "-4",
            "location_brand_name": "Naturals"
        }
    },
    {
        "pk": 1,
        "model": "auth.permission",
        "fields": {
            "codename": "add_permission",
            "name": "Can add permission",
            "content_type": 1
        }
    },
    {
        "pk": 2,
        "model": "auth.permission",
        "fields": {
            "codename": "change_permission",
            "name": "Can change permission",
            "content_type": 1
        }
    },
    {
        "pk": 3,
        "model": "auth.permission",
        "fields": {
            "codename": "delete_permission",
            "name": "Can delete permission",
            "content_type": 1
        }
    },
    {
        "pk": 4,
        "model": "auth.permission",
        "fields": {
            "codename": "add_group",
            "name": "Can add group",
            "content_type": 2
        }
    },
    {
        "pk": 5,
        "model": "auth.permission",
        "fields": {
            "codename": "change_group",
            "name": "Can change group",
            "content_type": 2
        }
    },
    {
        "pk": 6,
        "model": "auth.permission",
        "fields": {
            "codename": "delete_group",
            "name": "Can delete group",
            "content_type": 2
        }
    },
    {
        "pk": 7,
        "model": "auth.permission",
        "fields": {
            "codename": "add_user",
            "name": "Can add user",
            "content_type": 3
        }
    },
    {
        "pk": 8,
        "model": "auth.permission",
        "fields": {
            "codename": "change_user",
            "name": "Can change user",
            "content_type": 3
        }
    },
    {
        "pk": 9,
        "model": "auth.permission",
        "fields": {
            "codename": "delete_user",
            "name": "Can delete user",
            "content_type": 3
        }
    },
    {
        "pk": 10,
        "model": "auth.permission",
        "fields": {
            "codename": "add_contenttype",
            "name": "Can add content type",
            "content_type": 4
        }
    },
    {
        "pk": 11,
        "model": "auth.permission",
        "fields": {
            "codename": "change_contenttype",
            "name": "Can change content type",
            "content_type": 4
        }
    },
    {
        "pk": 12,
        "model": "auth.permission",
        "fields": {
            "codename": "delete_contenttype",
            "name": "Can delete content type",
            "content_type": 4
        }
    },
    {
        "pk": 13,
        "model": "auth.permission",
        "fields": {
            "codename": "add_session",
            "name": "Can add session",
            "content_type": 5
        }
    },
    {
        "pk": 14,
        "model": "auth.permission",
        "fields": {
            "codename": "change_session",
            "name": "Can change session",
            "content_type": 5
        }
    },
    {
        "pk": 15,
        "model": "auth.permission",
        "fields": {
            "codename": "delete_session",
            "name": "Can delete session",
            "content_type": 5
        }
    },
    {
        "pk": 16,
        "model": "auth.permission",
        "fields": {
            "codename": "add_site",
            "name": "Can add site",
            "content_type": 6
        }
    },
    {
        "pk": 17,
        "model": "auth.permission",
        "fields": {
            "codename": "change_site",
            "name": "Can change site",
            "content_type": 6
        }
    },
    {
        "pk": 18,
        "model": "auth.permission",
        "fields": {
            "codename": "delete_site",
            "name": "Can delete site",
            "content_type": 6
        }
    },
    {
        "pk": 19,
        "model": "auth.permission",
        "fields": {
            "codename": "add_migrationhistory",
            "name": "Can add migration history",
            "content_type": 7
        }
    },
    {
        "pk": 20,
        "model": "auth.permission",
        "fields": {
            "codename": "change_migrationhistory",
            "name": "Can change migration history",
            "content_type": 7
        }
    },
    {
        "pk": 21,
        "model": "auth.permission",
        "fields": {
            "codename": "delete_migrationhistory",
            "name": "Can delete migration history",
            "content_type": 7
        }
    },
    {
        "pk": 22,
        "model": "auth.permission",
        "fields": {
            "codename": "add_logentry",
            "name": "Can add log entry",
            "content_type": 8
        }
    },
    {
        "pk": 23,
        "model": "auth.permission",
        "fields": {
            "codename": "change_logentry",
            "name": "Can change log entry",
            "content_type": 8
        }
    },
    {
        "pk": 24,
        "model": "auth.permission",
        "fields": {
            "codename": "delete_logentry",
            "name": "Can delete log entry",
            "content_type": 8
        }
    },
    {
        "pk": 25,
        "model": "auth.permission",
        "fields": {
            "codename": "add_state",
            "name": "Can add state",
            "content_type": 9
        }
    },
    {
        "pk": 26,
        "model": "auth.permission",
        "fields": {
            "codename": "change_state",
            "name": "Can change state",
            "content_type": 9
        }
    },
    {
        "pk": 27,
        "model": "auth.permission",
        "fields": {
            "codename": "delete_state",
            "name": "Can delete state",
            "content_type": 9
        }
    },
    {
        "pk": 28,
        "model": "auth.permission",
        "fields": {
            "codename": "add_city",
            "name": "Can add City",
            "content_type": 10
        }
    },
    {
        "pk": 29,
        "model": "auth.permission",
        "fields": {
            "codename": "change_city",
            "name": "Can change City",
            "content_type": 10
        }
    },
    {
        "pk": 30,
        "model": "auth.permission",
        "fields": {
            "codename": "delete_city",
            "name": "Can delete City",
            "content_type": 10
        }
    },
    {
        "pk": 31,
        "model": "auth.permission",
        "fields": {
            "codename": "add_country",
            "name": "Can add country",
            "content_type": 11
        }
    },
    {
        "pk": 32,
        "model": "auth.permission",
        "fields": {
            "codename": "change_country",
            "name": "Can change country",
            "content_type": 11
        }
    },
    {
        "pk": 33,
        "model": "auth.permission",
        "fields": {
            "codename": "delete_country",
            "name": "Can delete country",
            "content_type": 11
        }
    },
    {
        "pk": 34,
        "model": "auth.permission",
        "fields": {
            "codename": "add_brand",
            "name": "Can add brand",
            "content_type": 12
        }
    },
    {
        "pk": 35,
        "model": "auth.permission",
        "fields": {
            "codename": "change_brand",
            "name": "Can change brand",
            "content_type": 12
        }
    },
    {
        "pk": 36,
        "model": "auth.permission",
        "fields": {
            "codename": "delete_brand",
            "name": "Can delete brand",
            "content_type": 12
        }
    },
    {
        "pk": 37,
        "model": "auth.permission",
        "fields": {
            "codename": "add_cluster",
            "name": "Can add cluster",
            "content_type": 13
        }
    },
    {
        "pk": 38,
        "model": "auth.permission",
        "fields": {
            "codename": "change_cluster",
            "name": "Can change cluster",
            "content_type": 13
        }
    },
    {
        "pk": 39,
        "model": "auth.permission",
        "fields": {
            "codename": "delete_cluster",
            "name": "Can delete cluster",
            "content_type": 13
        }
    },
    {
        "pk": 40,
        "model": "auth.permission",
        "fields": {
            "codename": "add_store",
            "name": "Can add store",
            "content_type": 14
        }
    },
    {
        "pk": 41,
        "model": "auth.permission",
        "fields": {
            "codename": "change_store",
            "name": "Can change store",
            "content_type": 14
        }
    },
    {
        "pk": 42,
        "model": "auth.permission",
        "fields": {
            "codename": "delete_store",
            "name": "Can delete store",
            "content_type": 14
        }
    },
    {
        "pk": 43,
        "model": "auth.permission",
        "fields": {
            "codename": "add_storefeedback",
            "name": "Can add store feedback",
            "content_type": 15
        }
    },
    {
        "pk": 44,
        "model": "auth.permission",
        "fields": {
            "codename": "change_storefeedback",
            "name": "Can change store feedback",
            "content_type": 15
        }
    },
    {
        "pk": 45,
        "model": "auth.permission",
        "fields": {
            "codename": "delete_storefeedback",
            "name": "Can delete store feedback",
            "content_type": 15
        }
    },
    {
        "pk": 46,
        "model": "auth.permission",
        "fields": {
            "codename": "add_device",
            "name": "Can add device",
            "content_type": 16
        }
    },
    {
        "pk": 47,
        "model": "auth.permission",
        "fields": {
            "codename": "change_device",
            "name": "Can change device",
            "content_type": 16
        }
    },
    {
        "pk": 48,
        "model": "auth.permission",
        "fields": {
            "codename": "delete_device",
            "name": "Can delete device",
            "content_type": 16
        }
    },
    {
        "pk": 49,
        "model": "auth.permission",
        "fields": {
            "codename": "add_contenttype",
            "name": "Can add content type",
            "content_type": 17
        }
    },
    {
        "pk": 50,
        "model": "auth.permission",
        "fields": {
            "codename": "change_contenttype",
            "name": "Can change content type",
            "content_type": 17
        }
    },
    {
        "pk": 51,
        "model": "auth.permission",
        "fields": {
            "codename": "delete_contenttype",
            "name": "Can delete content type",
            "content_type": 17
        }
    },
    {
        "pk": 52,
        "model": "auth.permission",
        "fields": {
            "codename": "add_orderedstorecontent",
            "name": "Can add ordered store content",
            "content_type": 18
        }
    },
    {
        "pk": 53,
        "model": "auth.permission",
        "fields": {
            "codename": "change_orderedstorecontent",
            "name": "Can change ordered store content",
            "content_type": 18
        }
    },
    {
        "pk": 54,
        "model": "auth.permission",
        "fields": {
            "codename": "delete_orderedstorecontent",
            "name": "Can delete ordered store content",
            "content_type": 18
        }
    },
    {
        "pk": 55,
        "model": "auth.permission",
        "fields": {
            "codename": "add_content",
            "name": "Can add content",
            "content_type": 19
        }
    },
    {
        "pk": 56,
        "model": "auth.permission",
        "fields": {
            "codename": "change_content",
            "name": "Can change content",
            "content_type": 19
        }
    },
    {
        "pk": 57,
        "model": "auth.permission",
        "fields": {
            "codename": "delete_content",
            "name": "Can delete content",
            "content_type": 19
        }
    },
    {
        "pk": 58,
        "model": "auth.permission",
        "fields": {
            "codename": "add_audio",
            "name": "Can add audio",
            "content_type": 20
        }
    },
    {
        "pk": 59,
        "model": "auth.permission",
        "fields": {
            "codename": "change_audio",
            "name": "Can change audio",
            "content_type": 20
        }
    },
    {
        "pk": 60,
        "model": "auth.permission",
        "fields": {
            "codename": "delete_audio",
            "name": "Can delete audio",
            "content_type": 20
        }
    },
    {
        "pk": 61,
        "model": "auth.permission",
        "fields": {
            "codename": "add_video",
            "name": "Can add video",
            "content_type": 21
        }
    },
    {
        "pk": 62,
        "model": "auth.permission",
        "fields": {
            "codename": "change_video",
            "name": "Can change video",
            "content_type": 21
        }
    },
    {
        "pk": 63,
        "model": "auth.permission",
        "fields": {
            "codename": "delete_video",
            "name": "Can delete video",
            "content_type": 21
        }
    },
    {
        "pk": 64,
        "model": "auth.permission",
        "fields": {
            "codename": "add_wallpaper",
            "name": "Can add wallpaper",
            "content_type": 22
        }
    },
    {
        "pk": 65,
        "model": "auth.permission",
        "fields": {
            "codename": "change_wallpaper",
            "name": "Can change wallpaper",
            "content_type": 22
        }
    },
    {
        "pk": 66,
        "model": "auth.permission",
        "fields": {
            "codename": "delete_wallpaper",
            "name": "Can delete wallpaper",
            "content_type": 22
        }
    },
    {
        "pk": 67,
        "model": "auth.permission",
        "fields": {
            "codename": "add_web",
            "name": "Can add web",
            "content_type": 23
        }
    },
    {
        "pk": 68,
        "model": "auth.permission",
        "fields": {
            "codename": "change_web",
            "name": "Can change web",
            "content_type": 23
        }
    },
    {
        "pk": 69,
        "model": "auth.permission",
        "fields": {
            "codename": "delete_web",
            "name": "Can delete web",
            "content_type": 23
        }
    },
    {
        "pk": 70,
        "model": "auth.permission",
        "fields": {
            "codename": "add_webcontent",
            "name": "Can add web content",
            "content_type": 24
        }
    },
    {
        "pk": 71,
        "model": "auth.permission",
        "fields": {
            "codename": "change_webcontent",
            "name": "Can change web content",
            "content_type": 24
        }
    },
    {
        "pk": 72,
        "model": "auth.permission",
        "fields": {
            "codename": "delete_webcontent",
            "name": "Can delete web content",
            "content_type": 24
        }
    },
    {
        "pk": 73,
        "model": "auth.permission",
        "fields": {
            "codename": "add_image",
            "name": "Can add image",
            "content_type": 25
        }
    },
    {
        "pk": 74,
        "model": "auth.permission",
        "fields": {
            "codename": "change_image",
            "name": "Can change image",
            "content_type": 25
        }
    },
    {
        "pk": 75,
        "model": "auth.permission",
        "fields": {
            "codename": "delete_image",
            "name": "Can delete image",
            "content_type": 25
        }
    },
    {
        "pk": 76,
        "model": "auth.permission",
        "fields": {
            "codename": "add_slideshowimage",
            "name": "Can add slide show image",
            "content_type": 26
        }
    },
    {
        "pk": 77,
        "model": "auth.permission",
        "fields": {
            "codename": "change_slideshowimage",
            "name": "Can change slide show image",
            "content_type": 26
        }
    },
    {
        "pk": 78,
        "model": "auth.permission",
        "fields": {
            "codename": "delete_slideshowimage",
            "name": "Can delete slide show image",
            "content_type": 26
        }
    },
    {
        "pk": 79,
        "model": "auth.permission",
        "fields": {
            "codename": "add_slideshow",
            "name": "Can add slide show",
            "content_type": 27
        }
    },
    {
        "pk": 80,
        "model": "auth.permission",
        "fields": {
            "codename": "change_slideshow",
            "name": "Can change slide show",
            "content_type": 27
        }
    },
    {
        "pk": 81,
        "model": "auth.permission",
        "fields": {
            "codename": "delete_slideshow",
            "name": "Can delete slide show",
            "content_type": 27
        }
    },
    {
        "pk": 82,
        "model": "auth.permission",
        "fields": {
            "codename": "add_image",
            "name": "Can add image",
            "content_type": 28
        }
    },
    {
        "pk": 83,
        "model": "auth.permission",
        "fields": {
            "codename": "change_image",
            "name": "Can change image",
            "content_type": 28
        }
    },
    {
        "pk": 84,
        "model": "auth.permission",
        "fields": {
            "codename": "delete_image",
            "name": "Can delete image",
            "content_type": 28
        }
    },
    {
        "pk": 85,
        "model": "auth.permission",
        "fields": {
            "codename": "add_slideshowimage",
            "name": "Can add slide show image",
            "content_type": 29
        }
    },
    {
        "pk": 86,
        "model": "auth.permission",
        "fields": {
            "codename": "change_slideshowimage",
            "name": "Can change slide show image",
            "content_type": 29
        }
    },
    {
        "pk": 87,
        "model": "auth.permission",
        "fields": {
            "codename": "delete_slideshowimage",
            "name": "Can delete slide show image",
            "content_type": 29
        }
    },
    {
        "pk": 88,
        "model": "auth.permission",
        "fields": {
            "codename": "add_slideshow",
            "name": "Can add slide show",
            "content_type": 30
        }
    },
    {
        "pk": 89,
        "model": "auth.permission",
        "fields": {
            "codename": "change_slideshow",
            "name": "Can change slide show",
            "content_type": 30
        }
    },
    {
        "pk": 90,
        "model": "auth.permission",
        "fields": {
            "codename": "delete_slideshow",
            "name": "Can delete slide show",
            "content_type": 30
        }
    },
    {
        "pk": 91,
        "model": "auth.permission",
        "fields": {
            "codename": "add_offerdownloadinfo",
            "name": "Can add offer download info",
            "content_type": 31
        }
    },
    {
        "pk": 92,
        "model": "auth.permission",
        "fields": {
            "codename": "change_offerdownloadinfo",
            "name": "Can change offer download info",
            "content_type": 31
        }
    },
    {
        "pk": 93,
        "model": "auth.permission",
        "fields": {
            "codename": "delete_offerdownloadinfo",
            "name": "Can delete offer download info",
            "content_type": 31
        }
    },
    {
        "pk": 94,
        "model": "auth.permission",
        "fields": {
            "codename": "add_log",
            "name": "Can add log",
            "content_type": 32
        }
    },
    {
        "pk": 95,
        "model": "auth.permission",
        "fields": {
            "codename": "change_log",
            "name": "Can change log",
            "content_type": 32
        }
    },
    {
        "pk": 96,
        "model": "auth.permission",
        "fields": {
            "codename": "delete_log",
            "name": "Can delete log",
            "content_type": 32
        }
    },
    {
        "pk": 1,
        "model": "auth.user",
        "fields": {
            "username": "nag",
            "first_name": "",
            "last_name": "",
            "is_active": true,
            "is_superuser": true,
            "is_staff": true,
            "last_login": "2014-02-20T06:36:59.264Z",
            "groups": [],
            "user_permissions": [],
            "password": "pbkdf2_sha256$12000$kSGYtxH2Ke8a$FNfkn7pb1AYb6goBEgcsAEBRCopT51MUw0huYq22Gx0=",
            "email": "",
            "date_joined": "2014-01-09T10:45:56.828Z"
        }
    },
    {
        "pk": 1,
        "model": "admin.logentry",
        "fields": {
            "action_flag": 1,
            "action_time": "2014-01-09T10:50:12.858Z",
            "object_repr": "Bangalore",
            "object_id": "1",
            "change_message": "",
            "user": 1,
            "content_type": 10
        }
    },
    {
        "pk": 2,
        "model": "admin.logentry",
        "fields": {
            "action_flag": 1,
            "action_time": "2014-01-09T10:50:22.934Z",
            "object_repr": "Karnataka",
            "object_id": "1",
            "change_message": "",
            "user": 1,
            "content_type": 9
        }
    },
    {
        "pk": 3,
        "model": "admin.logentry",
        "fields": {
            "action_flag": 1,
            "action_time": "2014-01-09T10:50:40.507Z",
            "object_repr": "Kormangala Bangalore",
            "object_id": "1",
            "change_message": "",
            "user": 1,
            "content_type": 13
        }
    },
    {
        "pk": 4,
        "model": "admin.logentry",
        "fields": {
            "action_flag": 1,
            "action_time": "2014-01-09T10:50:44.587Z",
            "object_repr": "Starbucks",
            "object_id": "1",
            "change_message": "",
            "user": 1,
            "content_type": 12
        }
    },
    {
        "pk": 5,
        "model": "admin.logentry",
        "fields": {
            "action_flag": 1,
            "action_time": "2014-01-09T10:52:41.042Z",
            "object_repr": "Naturals",
            "object_id": "2",
            "change_message": "",
            "user": 1,
            "content_type": 12
        }
    },
    {
        "pk": 6,
        "model": "admin.logentry",
        "fields": {
            "action_flag": 2,
            "action_time": "2014-01-09T10:53:26.921Z",
            "object_repr": "Naturals Kormangala",
            "object_id": "2",
            "change_message": "Added device \"121\".",
            "user": 1,
            "content_type": 14
        }
    },
    {
        "pk": 7,
        "model": "admin.logentry",
        "fields": {
            "action_flag": 1,
            "action_time": "2014-01-09T11:49:10.049Z",
            "object_repr": "Wallpaper",
            "object_id": "1",
            "change_message": "",
            "user": 1,
            "content_type": 17
        }
    },
    {
        "pk": 8,
        "model": "admin.logentry",
        "fields": {
            "action_flag": 1,
            "action_time": "2014-01-09T11:49:17.779Z",
            "object_repr": "Atms nearby",
            "object_id": "1",
            "change_message": "",
            "user": 1,
            "content_type": 22
        }
    },
    {
        "pk": 9,
        "model": "admin.logentry",
        "fields": {
            "action_flag": 2,
            "action_time": "2014-01-09T11:49:33.458Z",
            "object_repr": "Kormangala Bangalore",
            "object_id": "1",
            "change_message": "Changed content.",
            "user": 1,
            "content_type": 13
        }
    },
    {
        "pk": 10,
        "model": "admin.logentry",
        "fields": {
            "action_flag": 2,
            "action_time": "2014-01-09T11:54:08.331Z",
            "object_repr": "Atms nearby",
            "object_id": "1",
            "change_message": "Changed content_location.",
            "user": 1,
            "content_type": 22
        }
    },
    {
        "pk": 11,
        "model": "admin.logentry",
        "fields": {
            "action_flag": 1,
            "action_time": "2014-01-09T12:32:09.025Z",
            "object_repr": "Starbucks wall",
            "object_id": "2",
            "change_message": "",
            "user": 1,
            "content_type": 22
        }
    },
    {
        "pk": 12,
        "model": "admin.logentry",
        "fields": {
            "action_flag": 1,
            "action_time": "2014-01-09T12:34:43.009Z",
            "object_repr": "Naturals wall",
            "object_id": "3",
            "change_message": "",
            "user": 1,
            "content_type": 22
        }
    },
    {
        "pk": 13,
        "model": "admin.logentry",
        "fields": {
            "action_flag": 1,
            "action_time": "2014-01-09T12:38:18.308Z",
            "object_repr": "Starbucks wall 1",
            "object_id": "4",
            "change_message": "",
            "user": 1,
            "content_type": 22
        }
    },
    {
        "pk": 14,
        "model": "admin.logentry",
        "fields": {
            "action_flag": 1,
            "action_time": "2014-01-09T12:38:53.013Z",
            "object_repr": "Starbucks wall 2",
            "object_id": "5",
            "change_message": "",
            "user": 1,
            "content_type": 22
        }
    },
    {
        "pk": 15,
        "model": "admin.logentry",
        "fields": {
            "action_flag": 1,
            "action_time": "2014-01-09T12:39:29.343Z",
            "object_repr": "Naturals wall 1",
            "object_id": "6",
            "change_message": "",
            "user": 1,
            "content_type": 22
        }
    },
    {
        "pk": 16,
        "model": "admin.logentry",
        "fields": {
            "action_flag": 1,
            "action_time": "2014-01-09T12:39:50.156Z",
            "object_repr": "Naturals wall 2",
            "object_id": "7",
            "change_message": "",
            "user": 1,
            "content_type": 22
        }
    },
    {
        "pk": 17,
        "model": "admin.logentry",
        "fields": {
            "action_flag": 1,
            "action_time": "2014-01-09T12:41:27.054Z",
            "object_repr": "Slide Show",
            "object_id": "2",
            "change_message": "",
            "user": 1,
            "content_type": 17
        }
    },
    {
        "pk": 18,
        "model": "admin.logentry",
        "fields": {
            "action_flag": 1,
            "action_time": "2014-01-09T12:41:39.882Z",
            "object_repr": "Entrance 1",
            "object_id": "1",
            "change_message": "",
            "user": 1,
            "content_type": 25
        }
    },
    {
        "pk": 19,
        "model": "admin.logentry",
        "fields": {
            "action_flag": 1,
            "action_time": "2014-01-09T12:41:50.471Z",
            "object_repr": "Entrance 2",
            "object_id": "2",
            "change_message": "",
            "user": 1,
            "content_type": 25
        }
    },
    {
        "pk": 20,
        "model": "admin.logentry",
        "fields": {
            "action_flag": 1,
            "action_time": "2014-01-09T12:42:00.991Z",
            "object_repr": "Entrance 3",
            "object_id": "3",
            "change_message": "",
            "user": 1,
            "content_type": 25
        }
    },
    {
        "pk": 21,
        "model": "admin.logentry",
        "fields": {
            "action_flag": 1,
            "action_time": "2014-01-09T12:42:17.233Z",
            "object_repr": "Entrance 4",
            "object_id": "4",
            "change_message": "",
            "user": 1,
            "content_type": 25
        }
    },
    {
        "pk": 22,
        "model": "admin.logentry",
        "fields": {
            "action_flag": 1,
            "action_time": "2014-01-09T12:42:28.535Z",
            "object_repr": "Entrance 5",
            "object_id": "5",
            "change_message": "",
            "user": 1,
            "content_type": 25
        }
    },
    {
        "pk": 23,
        "model": "admin.logentry",
        "fields": {
            "action_flag": 1,
            "action_time": "2014-01-09T12:44:09.488Z",
            "object_repr": "Starbucks Entrances",
            "object_id": "8",
            "change_message": "",
            "user": 1,
            "content_type": 27
        }
    },
    {
        "pk": 24,
        "model": "admin.logentry",
        "fields": {
            "action_flag": 1,
            "action_time": "2014-01-09T12:44:46.286Z",
            "object_repr": "Bride 1",
            "object_id": "6",
            "change_message": "",
            "user": 1,
            "content_type": 25
        }
    },
    {
        "pk": 25,
        "model": "admin.logentry",
        "fields": {
            "action_flag": 1,
            "action_time": "2014-01-09T12:44:58.104Z",
            "object_repr": "Bride 2",
            "object_id": "7",
            "change_message": "",
            "user": 1,
            "content_type": 25
        }
    },
    {
        "pk": 26,
        "model": "admin.logentry",
        "fields": {
            "action_flag": 1,
            "action_time": "2014-01-09T12:45:16.236Z",
            "object_repr": "Bride 3",
            "object_id": "8",
            "change_message": "",
            "user": 1,
            "content_type": 25
        }
    },
    {
        "pk": 27,
        "model": "admin.logentry",
        "fields": {
            "action_flag": 1,
            "action_time": "2014-01-09T12:45:28.574Z",
            "object_repr": "Bride 4",
            "object_id": "9",
            "change_message": "",
            "user": 1,
            "content_type": 25
        }
    },
    {
        "pk": 28,
        "model": "admin.logentry",
        "fields": {
            "action_flag": 1,
            "action_time": "2014-01-09T12:45:42.952Z",
            "object_repr": "Bride 5",
            "object_id": "10",
            "change_message": "",
            "user": 1,
            "content_type": 25
        }
    },
    {
        "pk": 29,
        "model": "admin.logentry",
        "fields": {
            "action_flag": 1,
            "action_time": "2014-01-09T12:47:51.463Z",
            "object_repr": "Bridal Collection",
            "object_id": "9",
            "change_message": "",
            "user": 1,
            "content_type": 27
        }
    },
    {
        "pk": 30,
        "model": "admin.logentry",
        "fields": {
            "action_flag": 1,
            "action_time": "2014-01-10T05:24:45.509Z",
            "object_repr": "Info on Starbucks",
            "object_id": "10",
            "change_message": "",
            "user": 1,
            "content_type": 22
        }
    },
    {
        "pk": 31,
        "model": "admin.logentry",
        "fields": {
            "action_flag": 2,
            "action_time": "2014-01-10T05:25:31.202Z",
            "object_repr": "Starbucks Kormangala",
            "object_id": "1",
            "change_message": "Added ordered store content \"OrderedStoreContent object\". Added ordered store content \"OrderedStoreContent object\". Added ordered store content \"OrderedStoreContent object\". Added ordered store content \"OrderedStoreContent object\".",
            "user": 1,
            "content_type": 14
        }
    },
    {
        "pk": 32,
        "model": "admin.logentry",
        "fields": {
            "action_flag": 1,
            "action_time": "2014-01-10T05:26:38.083Z",
            "object_repr": "Info on Naturals",
            "object_id": "11",
            "change_message": "",
            "user": 1,
            "content_type": 22
        }
    },
    {
        "pk": 33,
        "model": "admin.logentry",
        "fields": {
            "action_flag": 2,
            "action_time": "2014-01-10T05:27:36.723Z",
            "object_repr": "Naturals Kormangala",
            "object_id": "2",
            "change_message": "Added ordered store content \"OrderedStoreContent object\". Added ordered store content \"OrderedStoreContent object\". Added ordered store content \"OrderedStoreContent object\". Added ordered store content \"OrderedStoreContent object\".",
            "user": 1,
            "content_type": 14
        }
    },
    {
        "pk": 34,
        "model": "admin.logentry",
        "fields": {
            "action_flag": 2,
            "action_time": "2014-01-10T06:12:43.110Z",
            "object_repr": "Naturals Kormangala",
            "object_id": "2",
            "change_message": "Added ordered store content \"OrderedStoreContent object\".",
            "user": 1,
            "content_type": 14
        }
    },
    {
        "pk": 35,
        "model": "admin.logentry",
        "fields": {
            "action_flag": 2,
            "action_time": "2014-01-10T06:12:54.908Z",
            "object_repr": "Starbucks Kormangala",
            "object_id": "1",
            "change_message": "Added ordered store content \"OrderedStoreContent object\".",
            "user": 1,
            "content_type": 14
        }
    },
    {
        "pk": 36,
        "model": "admin.logentry",
        "fields": {
            "action_flag": 1,
            "action_time": "2014-01-10T06:35:00.215Z",
            "object_repr": "Oscar",
            "object_id": "11",
            "change_message": "",
            "user": 1,
            "content_type": 25
        }
    },
    {
        "pk": 37,
        "model": "admin.logentry",
        "fields": {
            "action_flag": 1,
            "action_time": "2014-01-10T06:35:09.591Z",
            "object_repr": "Mata",
            "object_id": "12",
            "change_message": "",
            "user": 1,
            "content_type": 25
        }
    },
    {
        "pk": 38,
        "model": "admin.logentry",
        "fields": {
            "action_flag": 1,
            "action_time": "2014-01-10T06:35:21.242Z",
            "object_repr": "Hazard",
            "object_id": "13",
            "change_message": "",
            "user": 1,
            "content_type": 25
        }
    },
    {
        "pk": 39,
        "model": "admin.logentry",
        "fields": {
            "action_flag": 1,
            "action_time": "2014-01-10T06:35:31.592Z",
            "object_repr": "Torres",
            "object_id": "14",
            "change_message": "",
            "user": 1,
            "content_type": 25
        }
    },
    {
        "pk": 40,
        "model": "admin.logentry",
        "fields": {
            "action_flag": 1,
            "action_time": "2014-01-10T06:35:39.713Z",
            "object_repr": "Cfc all the way",
            "object_id": "12",
            "change_message": "",
            "user": 1,
            "content_type": 27
        }
    },
    {
        "pk": 41,
        "model": "admin.logentry",
        "fields": {
            "action_flag": 2,
            "action_time": "2014-01-10T06:35:56.814Z",
            "object_repr": "Starbucks Kormangala",
            "object_id": "1",
            "change_message": "Added ordered store content \"OrderedStoreContent object\".",
            "user": 1,
            "content_type": 14
        }
    },
    {
        "pk": 42,
        "model": "admin.logentry",
        "fields": {
            "action_flag": 2,
            "action_time": "2014-01-10T06:36:11.661Z",
            "object_repr": "Naturals Kormangala",
            "object_id": "2",
            "change_message": "Added ordered store content \"OrderedStoreContent object\".",
            "user": 1,
            "content_type": 14
        }
    },
    {
        "pk": 43,
        "model": "admin.logentry",
        "fields": {
            "action_flag": 2,
            "action_time": "2014-01-10T06:36:28.697Z",
            "object_repr": "Torres",
            "object_id": "14",
            "change_message": "Changed target_url.",
            "user": 1,
            "content_type": 25
        }
    },
    {
        "pk": 44,
        "model": "admin.logentry",
        "fields": {
            "action_flag": 2,
            "action_time": "2014-01-10T06:38:42.593Z",
            "object_repr": "Bride 1",
            "object_id": "6",
            "change_message": "Changed target_url.",
            "user": 1,
            "content_type": 25
        }
    },
    {
        "pk": 45,
        "model": "admin.logentry",
        "fields": {
            "action_flag": 2,
            "action_time": "2014-02-20T06:37:16.374Z",
            "object_repr": "Cfc all the way",
            "object_id": "12",
            "change_message": "Changed end_date.",
            "user": 1,
            "content_type": 20
        }
    },
    {
        "pk": 46,
        "model": "admin.logentry",
        "fields": {
            "action_flag": 2,
            "action_time": "2014-02-20T06:37:24.874Z",
            "object_repr": "Info on Naturals",
            "object_id": "11",
            "change_message": "Changed end_date.",
            "user": 1,
            "content_type": 20
        }
    },
    {
        "pk": 47,
        "model": "admin.logentry",
        "fields": {
            "action_flag": 2,
            "action_time": "2014-02-20T06:37:32.429Z",
            "object_repr": "Info on Starbucks",
            "object_id": "10",
            "change_message": "Changed end_date.",
            "user": 1,
            "content_type": 20
        }
    },
    {
        "pk": 48,
        "model": "admin.logentry",
        "fields": {
            "action_flag": 2,
            "action_time": "2014-02-20T06:37:39.912Z",
            "object_repr": "Bridal Collection",
            "object_id": "9",
            "change_message": "Changed end_date.",
            "user": 1,
            "content_type": 20
        }
    },
    {
        "pk": 49,
        "model": "admin.logentry",
        "fields": {
            "action_flag": 2,
            "action_time": "2014-02-20T06:37:49.543Z",
            "object_repr": "Starbucks Entrances",
            "object_id": "8",
            "change_message": "Changed end_date.",
            "user": 1,
            "content_type": 20
        }
    },
    {
        "pk": 50,
        "model": "admin.logentry",
        "fields": {
            "action_flag": 2,
            "action_time": "2014-02-20T06:37:57.515Z",
            "object_repr": "Naturals wall 2",
            "object_id": "7",
            "change_message": "Changed end_date.",
            "user": 1,
            "content_type": 20
        }
    },
    {
        "pk": 51,
        "model": "admin.logentry",
        "fields": {
            "action_flag": 2,
            "action_time": "2014-02-20T06:38:08.231Z",
            "object_repr": "Naturals wall 1",
            "object_id": "6",
            "change_message": "Changed end_date.",
            "user": 1,
            "content_type": 20
        }
    },
    {
        "pk": 52,
        "model": "admin.logentry",
        "fields": {
            "action_flag": 2,
            "action_time": "2014-02-20T06:38:16.540Z",
            "object_repr": "Starbucks wall 2",
            "object_id": "5",
            "change_message": "Changed end_date.",
            "user": 1,
            "content_type": 20
        }
    },
    {
        "pk": 53,
        "model": "admin.logentry",
        "fields": {
            "action_flag": 2,
            "action_time": "2014-02-20T06:38:23.554Z",
            "object_repr": "Starbucks wall 1",
            "object_id": "4",
            "change_message": "Changed end_date.",
            "user": 1,
            "content_type": 20
        }
    },
    {
        "pk": 54,
        "model": "admin.logentry",
        "fields": {
            "action_flag": 2,
            "action_time": "2014-02-20T06:38:34.614Z",
            "object_repr": "Naturals wall",
            "object_id": "3",
            "change_message": "Changed end_date.",
            "user": 1,
            "content_type": 20
        }
    },
    {
        "pk": 55,
        "model": "admin.logentry",
        "fields": {
            "action_flag": 2,
            "action_time": "2014-02-20T06:38:43.739Z",
            "object_repr": "Starbucks wall",
            "object_id": "2",
            "change_message": "Changed end_date.",
            "user": 1,
            "content_type": 20
        }
    },
    {
        "pk": 56,
        "model": "admin.logentry",
        "fields": {
            "action_flag": 2,
            "action_time": "2014-02-20T06:38:52.122Z",
            "object_repr": "Atms nearby",
            "object_id": "1",
            "change_message": "Changed end_date.",
            "user": 1,
            "content_type": 20
        }
    },
    {
        "pk": 57,
        "model": "admin.logentry",
        "fields": {
            "action_flag": 1,
            "action_time": "2014-02-20T06:44:10.236Z",
            "object_repr": "Video",
            "object_id": "3",
            "change_message": "",
            "user": 1,
            "content_type": 17
        }
    },
    {
        "pk": 58,
        "model": "admin.logentry",
        "fields": {
            "action_flag": 1,
            "action_time": "2014-02-20T06:44:53.972Z",
            "object_repr": "Some video",
            "object_id": "13",
            "change_message": "",
            "user": 1,
            "content_type": 23
        }
    },
    {
        "pk": 59,
        "model": "admin.logentry",
        "fields": {
            "action_flag": 2,
            "action_time": "2014-02-20T06:45:15.715Z",
            "object_repr": "Naturals Kormangala",
            "object_id": "2",
            "change_message": "Added ordered store content \"OrderedStoreContent object\". Changed order for ordered store content \"OrderedStoreContent object\". Changed order for ordered store content \"OrderedStoreContent object\". Changed order for ordered store content \"OrderedStoreContent object\". Changed order for ordered store content \"OrderedStoreContent object\". Changed order for ordered store content \"OrderedStoreContent object\". Changed order for ordered store content \"OrderedStoreContent object\".",
            "user": 1,
            "content_type": 14
        }
    },
    {
        "pk": 60,
        "model": "admin.logentry",
        "fields": {
            "action_flag": 2,
            "action_time": "2014-02-20T06:45:26.033Z",
            "object_repr": "Starbucks Kormangala",
            "object_id": "1",
            "change_message": "Changed order for ordered store content \"OrderedStoreContent object\". Changed order for ordered store content \"OrderedStoreContent object\". Changed order for ordered store content \"OrderedStoreContent object\". Changed order for ordered store content \"OrderedStoreContent object\". Changed order for ordered store content \"OrderedStoreContent object\". Changed order for ordered store content \"OrderedStoreContent object\". Added device \"3456\".",
            "user": 1,
            "content_type": 14
        }
    }
]