[
    {
        "pk": 1,
        "model": "contenttypes.contenttype",
        "fields": {
            "model": "permission",
            "name": "permission",
            "app_label": "auth"
        }
    },
    {
        "pk": 2,
        "model": "contenttypes.contenttype",
        "fields": {
            "model": "group",
            "name": "group",
            "app_label": "auth"
        }
    },
    {
        "pk": 3,
        "model": "contenttypes.contenttype",
        "fields": {
            "model": "user",
            "name": "user",
            "app_label": "auth"
        }
    },
    {
        "pk": 4,
        "model": "contenttypes.contenttype",
        "fields": {
            "model": "contenttype",
            "name": "content type",
            "app_label": "contenttypes"
        }
    },
    {
        "pk": 5,
        "model": "contenttypes.contenttype",
        "fields": {
            "model": "session",
            "name": "session",
            "app_label": "sessions"
        }
    },
    {
        "pk": 6,
        "model": "contenttypes.contenttype",
        "fields": {
            "model": "site",
            "name": "site",
            "app_label": "sites"
        }
    },
    {
        "pk": 7,
        "model": "contenttypes.contenttype",
        "fields": {
            "model": "migrationhistory",
            "name": "migration history",
            "app_label": "south"
        }
    },
    {
        "pk": 8,
        "model": "contenttypes.contenttype",
        "fields": {
            "model": "logentry",
            "name": "log entry",
            "app_label": "admin"
        }
    },
    {
        "pk": 9,
        "model": "contenttypes.contenttype",
        "fields": {
            "model": "state",
            "name": "state",
            "app_label": "core"
        }
    },
    {
        "pk": 10,
        "model": "contenttypes.contenttype",
        "fields": {
            "model": "city",
            "name": "City",
            "app_label": "core"
        }
    },
    {
        "pk": 11,
        "model": "contenttypes.contenttype",
        "fields": {
            "model": "country",
            "name": "country",
            "app_label": "core"
        }
    },
    {
        "pk": 12,
        "model": "contenttypes.contenttype",
        "fields": {
            "model": "brand",
            "name": "brand",
            "app_label": "core"
        }
    },
    {
        "pk": 13,
        "model": "contenttypes.contenttype",
        "fields": {
            "model": "cluster",
            "name": "cluster",
            "app_label": "core"
        }
    },
    {
        "pk": 14,
        "model": "contenttypes.contenttype",
        "fields": {
            "model": "store",
            "name": "store",
            "app_label": "core"
        }
    },
    {
        "pk": 15,
        "model": "contenttypes.contenttype",
        "fields": {
            "model": "storefeedback",
            "name": "store feedback",
            "app_label": "core"
        }
    },
    {
        "pk": 16,
        "model": "contenttypes.contenttype",
        "fields": {
            "model": "device",
            "name": "device",
            "app_label": "core"
        }
    },
    {
        "pk": 17,
        "model": "contenttypes.contenttype",
        "fields": {
            "model": "contenttype",
            "name": "content type",
            "app_label": "core"
        }
    },
    {
        "pk": 18,
        "model": "contenttypes.contenttype",
        "fields": {
            "model": "orderedstorecontent",
            "name": "ordered store content",
            "app_label": "core"
        }
    },
    {
        "pk": 19,
        "model": "contenttypes.contenttype",
        "fields": {
            "model": "content",
            "name": "content",
            "app_label": "core"
        }
    },
    {
        "pk": 20,
        "model": "contenttypes.contenttype",
        "fields": {
            "model": "audio",
            "name": "audio",
            "app_label": "core"
        }
    },
    {
        "pk": 21,
        "model": "contenttypes.contenttype",
        "fields": {
            "model": "video",
            "name": "video",
            "app_label": "core"
        }
    },
    {
        "pk": 22,
        "model": "contenttypes.contenttype",
        "fields": {
            "model": "wallpaper",
            "name": "wallpaper",
            "app_label": "core"
        }
    },
    {
        "pk": 23,
        "model": "contenttypes.contenttype",
        "fields": {
            "model": "web",
            "name": "web",
            "app_label": "core"
        }
    },
    {
        "pk": 24,
        "model": "contenttypes.contenttype",
        "fields": {
            "model": "webcontent",
            "name": "web content",
            "app_label": "core"
        }
    },
    {
        "pk": 25,
        "model": "contenttypes.contenttype",
        "fields": {
            "model": "image",
            "name": "image",
            "app_label": "core"
        }
    },
    {
        "pk": 26,
        "model": "contenttypes.contenttype",
        "fields": {
            "model": "slideshowimage",
            "name": "slide show image",
            "app_label": "core"
        }
    },
    {
        "pk": 27,
        "model": "contenttypes.contenttype",
        "fields": {
            "model": "slideshow",
            "name": "slide show",
            "app_label": "core"
        }
    },
    {
        "pk": "0jo0m4q9wu5vccs9o2nizwmfpxldonkh",
        "model": "sessions.session",
        "fields": {
            "expire_date": "2014-01-23T10:47:00.864Z",
            "session_data": "OWJjNzBmZWFlNTQyMzk1ZWM1Y2Q5YWFiMTEyYmRmMjZmMDgyZTQ0NDp7Il9hdXRoX3VzZXJfYmFja2VuZCI6ImRqYW5nby5jb250cmliLmF1dGguYmFja2VuZHMuTW9kZWxCYWNrZW5kIiwiX2F1dGhfdXNlcl9pZCI6MX0="
        }
    },
    {
        "pk": "etm00is8bg50zc8zzt4wsfggowgrdslo",
        "model": "sessions.session",
        "fields": {
            "expire_date": "2014-01-23T14:20:58.961Z",
            "session_data": "OWJjNzBmZWFlNTQyMzk1ZWM1Y2Q5YWFiMTEyYmRmMjZmMDgyZTQ0NDp7Il9hdXRoX3VzZXJfYmFja2VuZCI6ImRqYW5nby5jb250cmliLmF1dGguYmFja2VuZHMuTW9kZWxCYWNrZW5kIiwiX2F1dGhfdXNlcl9pZCI6MX0="
        }
    },
    {
        "pk": 1,
        "model": "sites.site",
        "fields": {
            "domain": "example.com",
            "name": "example.com"
        }
    },
    {
        "pk": 1,
        "model": "south.migrationhistory",
        "fields": {
            "applied": "2014-01-09T10:46:20.331Z",
            "app_name": "core",
            "migration": "0001_initial"
        }
    },
    {
        "pk": 2,
        "model": "south.migrationhistory",
        "fields": {
            "applied": "2014-01-09T10:46:20.816Z",
            "app_name": "core",
            "migration": "0002_auto__add_field_store_slug_name__add_field_store_map_name__add_field_s"
        }
    },
    {
        "pk": 3,
        "model": "south.migrationhistory",
        "fields": {
            "applied": "2014-01-09T10:46:20.940Z",
            "app_name": "core",
            "migration": "0003_auto__add_webcontent"
        }
    },
    {
        "pk": 4,
        "model": "south.migrationhistory",
        "fields": {
            "applied": "2014-01-09T10:46:21.172Z",
            "app_name": "core",
            "migration": "0004_auto__add_storefeedback"
        }
    },
    {
        "pk": 5,
        "model": "south.migrationhistory",
        "fields": {
            "applied": "2014-01-09T10:46:22.194Z",
            "app_name": "core",
            "migration": "0005_auto__add_field_brand_footfall__chg_field_storefeedback_email_id__add_"
        }
    },
    {
        "pk": 6,
        "model": "south.migrationhistory",
        "fields": {
            "applied": "2014-01-09T10:46:23.050Z",
            "app_name": "core",
            "migration": "0006_auto__add_field_brand_active__add_field_store_active"
        }
    },
    {
        "pk": 7,
        "model": "south.migrationhistory",
        "fields": {
            "applied": "2014-01-09T10:46:23.304Z",
            "app_name": "core",
            "migration": "0007_auto__add_orderedstorecontent__add_unique_orderedstorecontent_store_or"
        }
    },
    {
        "pk": 8,
        "model": "south.migrationhistory",
        "fields": {
            "applied": "2014-01-09T11:30:40.110Z",
            "app_name": "core",
            "migration": "0008_auto"
        }
    },
    {
        "pk": 9,
        "model": "south.migrationhistory",
        "fields": {
            "applied": "2014-01-09T11:53:47.000Z",
            "app_name": "core",
            "migration": "0009_auto__add_field_content_content_location"
        }
    },
    {
        "pk": 1,
        "model": "core.state",
        "fields": {
            "modified": "2014-01-09T10:50:22.875Z",
            "name": "Karnataka",
            "created": "2014-01-09T10:50:22.874Z"
        }
    },
    {
        "pk": 1,
        "model": "core.city",
        "fields": {
            "modified": "2014-01-09T10:50:12.807Z",
            "name": "Bangalore",
            "created": "2014-01-09T10:50:12.806Z"
        }
    },
    {
        "pk": 1,
        "model": "core.brand",
        "fields": {
            "description": "",
            "created": "2014-01-09T10:50:43.044Z",
            "modified": "2014-01-09T10:50:43.798Z",
            "name": "Starbucks",
            "bg_color": "",
            "competitors": [],
            "bg_image": "",
            "slug_name": "starbucks",
            "active": true,
            "logo": "thumbnails/5ffd166a-684d-4d5c-bf81-023ef070a5d1.jpg",
            "footfall": 500
        }
    },
    {
        "pk": 2,
        "model": "core.brand",
        "fields": {
            "description": "",
            "created": "2014-01-09T10:52:40.519Z",
            "modified": "2014-01-09T10:52:40.602Z",
            "name": "Naturals",
            "bg_color": "",
            "competitors": [],
            "bg_image": "",
            "slug_name": "naturals",
            "active": true,
            "logo": "thumbnails/5c11311e-c192-4596-96cb-c27d3a934310.jpg",
            "footfall": 50
        }
    },
    {
        "pk": 1,
        "model": "core.cluster",
        "fields": {
            "city": 1,
            "description": "",
            "locality": "Kormangala",
            "created": "2014-01-09T10:50:40.008Z",
            "modified": "2014-01-09T11:49:33.174Z",
            "content": [1],
            "state": 1,
            "map_name": "7400f7a5-24c0-4990-9953-0dc4b52e4719.png",
            "name": "Kormangala Bangalore"
        }
    },
    {
        "pk": 1,
        "model": "core.store",
        "fields": {
            "city": 1,
            "pin_code": "",
            "cluster": 1,
            "description": "",
            "created": "2014-01-09T10:50:43.633Z",
            "demo": false,
            "brand": 1,
            "modified": "2014-01-10T06:35:56.718Z",
            "longitude": "77.613405",
            "mail_id": "",
            "active": true,
            "address_first_line": "Koramangala 80 Feet Rd, Koramangala 7th Block, ",
            "state": 1,
            "slug_name": "starbucks",
            "paid": true,
            "contact_number": "",
            "latitude": "12.935261",
            "address_second_line": "Koramangala",
            "map_name": "7b74650b-8222-4369-801f-53e701117df8.png",
            "name": "Starbucks Kormangala"
        }
    },
    {
        "pk": 2,
        "model": "core.store",
        "fields": {
            "city": 1,
            "pin_code": "560034",
            "cluster": 1,
            "description": "",
            "created": "2014-01-09T10:52:40.546Z",
            "demo": false,
            "brand": 2,
            "modified": "2014-01-10T06:36:11.555Z",
            "longitude": "77.624821",
            "mail_id": "",
            "active": true,
            "address_first_line": "No: 40, 1st Floor, 100 Feet Road, Near Canara Bank, 8th Main Rd,",
            "state": 1,
            "slug_name": "naturals",
            "paid": true,
            "contact_number": "",
            "latitude": "12.935052",
            "address_second_line": "Koramangala 4 Block, Koramangala Extension",
            "map_name": "4404333f-7a00-4fda-8a23-05dc0be4ff8e.png",
            "name": "Naturals Kormangala"
        }
    },
    {
        "pk": 1,
        "model": "core.device",
        "fields": {
            "created": "2014-01-09T10:53:26.582Z",
            "modified": "2014-01-09T10:53:26.903Z",
            "mac_address": "",
            "type": "Simple",
            "store": 2,
            "device_id": 121
        }
    },
    {
        "pk": 1,
        "model": "core.contenttype",
        "fields": {
            "modified": "2014-01-09T11:49:09.964Z",
            "name": "Wallpaper",
            "created": "2014-01-09T11:49:09.802Z"
        }
    },
    {
        "pk": 2,
        "model": "core.contenttype",
        "fields": {
            "modified": "2014-01-09T12:41:27.044Z",
            "name": "Slide Show",
            "created": "2014-01-09T12:41:27.032Z"
        }
    },
    {
        "pk": 1,
        "model": "core.orderedstorecontent",
        "fields": {
            "content": 8,
            "order": 1,
            "store": 1
        }
    },
    {
        "pk": 2,
        "model": "core.orderedstorecontent",
        "fields": {
            "content": 4,
            "order": 2,
            "store": 1
        }
    },
    {
        "pk": 3,
        "model": "core.orderedstorecontent",
        "fields": {
            "content": 5,
            "order": 3,
            "store": 1
        }
    },
    {
        "pk": 4,
        "model": "core.orderedstorecontent",
        "fields": {
            "content": 10,
            "order": 4,
            "store": 1
        }
    },
    {
        "pk": 5,
        "model": "core.orderedstorecontent",
        "fields": {
            "content": 9,
            "order": 1,
            "store": 2
        }
    },
    {
        "pk": 6,
        "model": "core.orderedstorecontent",
        "fields": {
            "content": 6,
            "order": 2,
            "store": 2
        }
    },
    {
        "pk": 7,
        "model": "core.orderedstorecontent",
        "fields": {
            "content": 7,
            "order": 3,
            "store": 2
        }
    },
    {
        "pk": 8,
        "model": "core.orderedstorecontent",
        "fields": {
            "content": 11,
            "order": 4,
            "store": 2
        }
    },
    {
        "pk": 9,
        "model": "core.orderedstorecontent",
        "fields": {
            "content": 3,
            "order": 5,
            "store": 2
        }
    },
    {
        "pk": 10,
        "model": "core.orderedstorecontent",
        "fields": {
            "content": 2,
            "order": 5,
            "store": 1
        }
    },
    {
        "pk": 11,
        "model": "core.orderedstorecontent",
        "fields": {
            "content": 12,
            "order": 6,
            "store": 1
        }
    },
    {
        "pk": 12,
        "model": "core.orderedstorecontent",
        "fields": {
            "content": 12,
            "order": 6,
            "store": 2
        }
    },
    {
        "pk": 1,
        "model": "core.content",
        "fields": {
            "rating": 5,
            "archived": false,
            "end_date": "2014-02-08",
            "show_on_home": false,
            "no_of_people_rated": 1,
            "created": "2014-01-09T11:49:17.254Z",
            "description": "",
            "modified": "2014-01-09T11:54:08.301Z",
            "thumbnail": "thumbnails/1ff05c20-b6f4-4e09-87db-22dfbcdbe672.png",
            "active": true,
            "content_type": 1,
            "content_location": "3",
            "short_description": "Map of all atms in the cluster",
            "start_date": "2014-01-09",
            "name": "Atms nearby"
        }
    },
    {
        "pk": 2,
        "model": "core.content",
        "fields": {
            "rating": 5,
            "archived": false,
            "end_date": "2014-02-08",
            "show_on_home": false,
            "no_of_people_rated": 1,
            "created": "2014-01-09T12:32:08.658Z",
            "description": "",
            "modified": "2014-01-09T12:32:08.977Z",
            "thumbnail": "thumbnails/b2cc2554-6613-4615-92be-179f80b111ce.png",
            "active": true,
            "content_type": 1,
            "content_location": "2",
            "short_description": "Starbucks wall on home",
            "start_date": "2014-01-09",
            "name": "Starbucks wall"
        }
    },
    {
        "pk": 3,
        "model": "core.content",
        "fields": {
            "rating": 5,
            "archived": false,
            "end_date": "2014-02-08",
            "show_on_home": false,
            "no_of_people_rated": 1,
            "created": "2014-01-09T12:34:42.651Z",
            "description": "",
            "modified": "2014-01-09T12:34:42.728Z",
            "thumbnail": "thumbnails/e4416774-5579-4bd9-985d-903826cd57e2.JPG",
            "active": true,
            "content_type": 1,
            "content_location": "2",
            "short_description": "Naturals wallpaper",
            "start_date": "2014-01-09",
            "name": "Naturals wall"
        }
    },
    {
        "pk": 4,
        "model": "core.content",
        "fields": {
            "rating": 5,
            "archived": false,
            "end_date": "2014-02-08",
            "show_on_home": false,
            "no_of_people_rated": 1,
            "created": "2014-01-09T12:38:17.650Z",
            "description": "",
            "modified": "2014-01-09T12:38:18.198Z",
            "thumbnail": "thumbnails/26f2291a-9353-4d80-ae07-6a111266a846.jpg",
            "active": true,
            "content_type": 1,
            "content_location": "1",
            "short_description": "Content inside starbucks",
            "start_date": "2014-01-09",
            "name": "Starbucks wall 1"
        }
    },
    {
        "pk": 5,
        "model": "core.content",
        "fields": {
            "rating": 5,
            "archived": false,
            "end_date": "2014-02-08",
            "show_on_home": false,
            "no_of_people_rated": 1,
            "created": "2014-01-09T12:38:52.972Z",
            "description": "",
            "modified": "2014-01-09T12:38:52.986Z",
            "thumbnail": "thumbnails/e85e50d6-1af7-46c2-a655-f70e601a0ad4.jpg",
            "active": true,
            "content_type": 1,
            "content_location": "1",
            "short_description": "Content inside starbucks",
            "start_date": "2014-01-09",
            "name": "Starbucks wall 2"
        }
    },
    {
        "pk": 6,
        "model": "core.content",
        "fields": {
            "rating": 5,
            "archived": false,
            "end_date": "2014-02-08",
            "show_on_home": false,
            "no_of_people_rated": 1,
            "created": "2014-01-09T12:39:29.268Z",
            "description": "",
            "modified": "2014-01-09T12:39:29.282Z",
            "thumbnail": "thumbnails/401af3c3-d185-4468-a1f6-e3a547a94eda.JPG",
            "active": true,
            "content_type": 1,
            "content_location": "1",
            "short_description": "Content inside naturals",
            "start_date": "2014-01-09",
            "name": "Naturals wall 1"
        }
    },
    {
        "pk": 7,
        "model": "core.content",
        "fields": {
            "rating": 5,
            "archived": false,
            "end_date": "2014-02-08",
            "show_on_home": false,
            "no_of_people_rated": 1,
            "created": "2014-01-09T12:39:50.105Z",
            "description": "",
            "modified": "2014-01-09T12:39:50.123Z",
            "thumbnail": "thumbnails/6b3d28de-f28f-4eec-b8a6-a24584dfceeb.JPG",
            "active": true,
            "content_type": 1,
            "content_location": "1",
            "short_description": "Content inside naturals",
            "start_date": "2014-01-09",
            "name": "Naturals wall 2"
        }
    },
    {
        "pk": 8,
        "model": "core.content",
        "fields": {
            "rating": 5,
            "archived": false,
            "end_date": "2014-02-08",
            "show_on_home": false,
            "no_of_people_rated": 1,
            "created": "2014-01-09T12:44:09.123Z",
            "description": "",
            "modified": "2014-01-09T12:44:09.316Z",
            "thumbnail": "thumbnails/e3401c9d-e723-4f98-823d-60dc59127ac4.jpg",
            "active": true,
            "content_type": 2,
            "content_location": "1",
            "short_description": "Entrances to Starbucks",
            "start_date": "2014-01-09",
            "name": "Starbucks Entrances"
        }
    },
    {
        "pk": 9,
        "model": "core.content",
        "fields": {
            "rating": 5,
            "archived": false,
            "end_date": "2014-02-08",
            "show_on_home": false,
            "no_of_people_rated": 1,
            "created": "2014-01-09T12:47:51.180Z",
            "description": "",
            "modified": "2014-01-09T12:47:51.361Z",
            "thumbnail": "thumbnails/499778f7-2437-4532-8983-937a3eafdac0.jpg",
            "active": true,
            "content_type": 2,
            "content_location": "1",
            "short_description": "Bridal collection",
            "start_date": "2014-01-09",
            "name": "Bridal Collection"
        }
    },
    {
        "pk": 10,
        "model": "core.content",
        "fields": {
            "rating": 5,
            "archived": false,
            "end_date": "2014-02-08",
            "show_on_home": false,
            "no_of_people_rated": 1,
            "created": "2014-01-10T05:24:45.439Z",
            "description": "",
            "modified": "2014-01-10T05:24:45.479Z",
            "thumbnail": "thumbnails/1c13d7ea-589f-4910-a11d-69cd8fc34368.jpg",
            "active": true,
            "content_type": 1,
            "content_location": "4",
            "short_description": "Info on starbucks",
            "start_date": "2014-01-09",
            "name": "Info on Starbucks"
        }
    },
    {
        "pk": 11,
        "model": "core.content",
        "fields": {
            "rating": 5,
            "archived": false,
            "end_date": "2014-02-08",
            "show_on_home": false,
            "no_of_people_rated": 1,
            "created": "2014-01-10T05:26:38.029Z",
            "description": "",
            "modified": "2014-01-10T05:26:38.044Z",
            "thumbnail": "thumbnails/4abf8d68-4d4e-4598-b487-5cd0a5e05e4b.JPG",
            "active": true,
            "content_type": 1,
            "content_location": "4",
            "short_description": "Info on Naturals",
            "start_date": "2014-01-09",
            "name": "Info on Naturals"
        }
    },
    {
        "pk": 12,
        "model": "core.content",
        "fields": {
            "rating": 5,
            "archived": false,
            "end_date": "2014-02-08",
            "show_on_home": false,
            "no_of_people_rated": 1,
            "created": "2014-01-10T06:35:39.362Z",
            "description": "",
            "modified": "2014-01-10T06:35:39.521Z",
            "thumbnail": "thumbnails/185cbdff-d980-4e1f-b1f4-5c2d1f1bbb5c.jpg",
            "active": true,
            "content_type": 2,
            "content_location": "1",
            "short_description": "CFC",
            "start_date": "2014-01-09",
            "name": "Cfc all the way"
        }
    },
    {
        "pk": 1,
        "model": "core.wallpaper",
        "fields": {
            "file": "wallpaper/bdcd9f64-15d1-4b96-b8f4-9785949f687f.png"
        }
    },
    {
        "pk": 2,
        "model": "core.wallpaper",
        "fields": {
            "file": "wallpaper/116eff00-7670-4595-a14d-fef4a2033969.png"
        }
    },
    {
        "pk": 3,
        "model": "core.wallpaper",
        "fields": {
            "file": "wallpaper/8391c87f-79cb-4283-8798-993de1d4e14a.JPG"
        }
    },
    {
        "pk": 4,
        "model": "core.wallpaper",
        "fields": {
            "file": "wallpaper/35db4cf0-6875-4d45-b536-7133a5ba9306.jpg"
        }
    },
    {
        "pk": 5,
        "model": "core.wallpaper",
        "fields": {
            "file": "wallpaper/b141d4eb-a0d7-4f48-aaa3-3fa186c862a5.jpg"
        }
    },
    {
        "pk": 6,
        "model": "core.wallpaper",
        "fields": {
            "file": "wallpaper/0f327f82-5761-46fa-b835-16b4bc424212.JPG"
        }
    },
    {
        "pk": 7,
        "model": "core.wallpaper",
        "fields": {
            "file": "wallpaper/beb77e40-0dea-43ef-ad8a-de2f437ecf1a.JPG"
        }
    },
    {
        "pk": 10,
        "model": "core.wallpaper",
        "fields": {
            "file": "wallpaper/a5f91d8b-a602-4fc4-8263-cf7ba0663f74.jpg"
        }
    },
    {
        "pk": 11,
        "model": "core.wallpaper",
        "fields": {
            "file": "wallpaper/3854450b-f64a-4b6b-8762-771592a5abf5.JPG"
        }
    },
    {
        "pk": 1,
        "model": "core.image",
        "fields": {
            "target_url": "",
            "name": "Entrance 1",
            "created": "2014-01-09T12:41:39.668Z",
            "image": "images/1ec85072-bdab-477d-a633-0295dc641345.jpg",
            "modified": "2014-01-09T12:41:39.673Z",
            "caption": ""
        }
    },
    {
        "pk": 2,
        "model": "core.image",
        "fields": {
            "target_url": "",
            "name": "Entrance 2",
            "created": "2014-01-09T12:41:50.452Z",
            "image": "images/e81bb3f9-61dd-4edf-9076-bc1c5493c168.jpg",
            "modified": "2014-01-09T12:41:50.455Z",
            "caption": ""
        }
    },
    {
        "pk": 3,
        "model": "core.image",
        "fields": {
            "target_url": "",
            "name": "Entrance 3",
            "created": "2014-01-09T12:42:00.977Z",
            "image": "images/a33c9657-66e6-4ea7-b8a9-b72473cccd1d.jpg",
            "modified": "2014-01-09T12:42:00.980Z",
            "caption": ""
        }
    },
    {
        "pk": 4,
        "model": "core.image",
        "fields": {
            "target_url": "",
            "name": "Entrance 4",
            "created": "2014-01-09T12:42:17.215Z",
            "image": "images/2c7a6d49-2ba8-45c9-94d4-4aa148c52b73.jpg",
            "modified": "2014-01-09T12:42:17.216Z",
            "caption": ""
        }
    },
    {
        "pk": 5,
        "model": "core.image",
        "fields": {
            "target_url": "",
            "name": "Entrance 5",
            "created": "2014-01-09T12:42:28.524Z",
            "image": "images/d90043bc-2f6a-4293-8b98-932288bff21a.jpg",
            "modified": "2014-01-09T12:42:28.525Z",
            "caption": ""
        }
    },
    {
        "pk": 6,
        "model": "core.image",
        "fields": {
            "target_url": "http://chelseafc.com/",
            "name": "Bride 1",
            "created": "2014-01-09T12:44:46.261Z",
            "image": "images/b5185d96-b11e-4050-8e76-fa7e2939ebe4.jpg",
            "modified": "2014-01-10T06:38:42.573Z",
            "caption": ""
        }
    },
    {
        "pk": 7,
        "model": "core.image",
        "fields": {
            "target_url": "",
            "name": "Bride 2",
            "created": "2014-01-09T12:44:58.025Z",
            "image": "images/743a77e9-a98d-4850-8a2d-132fc18debf4.jpg",
            "modified": "2014-01-09T12:44:58.027Z",
            "caption": ""
        }
    },
    {
        "pk": 8,
        "model": "core.image",
        "fields": {
            "target_url": "",
            "name": "Bride 3",
            "created": "2014-01-09T12:45:16.224Z",
            "image": "images/56a33659-5aee-46bb-bbf3-308459c8da7a.jpg",
            "modified": "2014-01-09T12:45:16.225Z",
            "caption": ""
        }
    },
    {
        "pk": 9,
        "model": "core.image",
        "fields": {
            "target_url": "",
            "name": "Bride 4",
            "created": "2014-01-09T12:45:28.550Z",
            "image": "images/4f9ef5ed-b1e9-4fe3-9e1c-71a44ce8a9cc.jpg",
            "modified": "2014-01-09T12:45:28.552Z",
            "caption": ""
        }
    },
    {
        "pk": 10,
        "model": "core.image",
        "fields": {
            "target_url": "",
            "name": "Bride 5",
            "created": "2014-01-09T12:45:42.935Z",
            "image": "images/fc636388-75d1-471a-9d2a-c0c8c62d9e10.jpg",
            "modified": "2014-01-09T12:45:42.937Z",
            "caption": ""
        }
    },
    {
        "pk": 11,
        "model": "core.image",
        "fields": {
            "target_url": "",
            "name": "Oscar",
            "created": "2014-01-10T06:35:00.059Z",
            "image": "images/2743b4d7-77b3-4fd1-b531-6dd6ce490fc2.jpg",
            "modified": "2014-01-10T06:35:00.149Z",
            "caption": ""
        }
    },
    {
        "pk": 12,
        "model": "core.image",
        "fields": {
            "target_url": "",
            "name": "Mata",
            "created": "2014-01-10T06:35:09.576Z",
            "image": "images/f0aec8a2-5a0d-4d29-9018-a3ab6fd64a55.jpg",
            "modified": "2014-01-10T06:35:09.579Z",
            "caption": ""
        }
    },
    {
        "pk": 13,
        "model": "core.image",
        "fields": {
            "target_url": "",
            "name": "Hazard",
            "created": "2014-01-10T06:35:21.218Z",
            "image": "images/039dc2be-1fe4-4c92-a993-7e145719110d.jpg",
            "modified": "2014-01-10T06:35:21.221Z",
            "caption": ""
        }
    },
    {
        "pk": 14,
        "model": "core.image",
        "fields": {
            "target_url": "http://en.wikipedia.org/wiki/Fernando_Torres",
            "name": "Torres",
            "created": "2014-01-10T06:35:31.577Z",
            "image": "images/1e75b0f6-6612-44b5-bc99-5d17670c12ae.jpg",
            "modified": "2014-01-10T06:36:28.687Z",
            "caption": ""
        }
    },
    {
        "pk": 1,
        "model": "core.slideshowimage",
        "fields": {
            "image": 1,
            "slideshow": 8,
            "order": 1
        }
    },
    {
        "pk": 2,
        "model": "core.slideshowimage",
        "fields": {
            "image": 2,
            "slideshow": 8,
            "order": 2
        }
    },
    {
        "pk": 3,
        "model": "core.slideshowimage",
        "fields": {
            "image": 3,
            "slideshow": 8,
            "order": 3
        }
    },
    {
        "pk": 4,
        "model": "core.slideshowimage",
        "fields": {
            "image": 4,
            "slideshow": 8,
            "order": 4
        }
    },
    {
        "pk": 5,
        "model": "core.slideshowimage",
        "fields": {
            "image": 5,
            "slideshow": 8,
            "order": 5
        }
    },
    {
        "pk": 6,
        "model": "core.slideshowimage",
        "fields": {
            "image": 6,
            "slideshow": 9,
            "order": 1
        }
    },
    {
        "pk": 7,
        "model": "core.slideshowimage",
        "fields": {
            "image": 7,
            "slideshow": 9,
            "order": 2
        }
    },
    {
        "pk": 8,
        "model": "core.slideshowimage",
        "fields": {
            "image": 8,
            "slideshow": 9,
            "order": 3
        }
    },
    {
        "pk": 9,
        "model": "core.slideshowimage",
        "fields": {
            "image": 9,
            "slideshow": 9,
            "order": 4
        }
    },
    {
        "pk": 10,
        "model": "core.slideshowimage",
        "fields": {
            "image": 10,
            "slideshow": 9,
            "order": 5
        }
    },
    {
        "pk": 11,
        "model": "core.slideshowimage",
        "fields": {
            "image": 11,
            "slideshow": 12,
            "order": 1
        }
    },
    {
        "pk": 12,
        "model": "core.slideshowimage",
        "fields": {
            "image": 12,
            "slideshow": 12,
            "order": 2
        }
    },
    {
        "pk": 13,
        "model": "core.slideshowimage",
        "fields": {
            "image": 13,
            "slideshow": 12,
            "order": 3
        }
    },
    {
        "pk": 14,
        "model": "core.slideshowimage",
        "fields": {
            "image": 14,
            "slideshow": 12,
            "order": 4
        }
    },
    {
        "pk": 8,
        "model": "core.slideshow",
        "fields": {}
    },
    {
        "pk": 9,
        "model": "core.slideshow",
        "fields": {}
    },
    {
        "pk": 12,
        "model": "core.slideshow",
        "fields": {}
    },
    {
        "pk": 1,
        "model": "auth.permission",
        "fields": {
            "codename": "add_permission",
            "name": "Can add permission",
            "content_type": 1
        }
    },
    {
        "pk": 2,
        "model": "auth.permission",
        "fields": {
            "codename": "change_permission",
            "name": "Can change permission",
            "content_type": 1
        }
    },
    {
        "pk": 3,
        "model": "auth.permission",
        "fields": {
            "codename": "delete_permission",
            "name": "Can delete permission",
            "content_type": 1
        }
    },
    {
        "pk": 4,
        "model": "auth.permission",
        "fields": {
            "codename": "add_group",
            "name": "Can add group",
            "content_type": 2
        }
    },
    {
        "pk": 5,
        "model": "auth.permission",
        "fields": {
            "codename": "change_group",
            "name": "Can change group",
            "content_type": 2
        }
    },
    {
        "pk": 6,
        "model": "auth.permission",
        "fields": {
            "codename": "delete_group",
            "name": "Can delete group",
            "content_type": 2
        }
    },
    {
        "pk": 7,
        "model": "auth.permission",
        "fields": {
            "codename": "add_user",
            "name": "Can add user",
            "content_type": 3
        }
    },
    {
        "pk": 8,
        "model": "auth.permission",
        "fields": {
            "codename": "change_user",
            "name": "Can change user",
            "content_type": 3
        }
    },
    {
        "pk": 9,
        "model": "auth.permission",
        "fields": {
            "codename": "delete_user",
            "name": "Can delete user",
            "content_type": 3
        }
    },
    {
        "pk": 10,
        "model": "auth.permission",
        "fields": {
            "codename": "add_contenttype",
            "name": "Can add content type",
            "content_type": 4
        }
    },
    {
        "pk": 11,
        "model": "auth.permission",
        "fields": {
            "codename": "change_contenttype",
            "name": "Can change content type",
            "content_type": 4
        }
    },
    {
        "pk": 12,
        "model": "auth.permission",
        "fields": {
            "codename": "delete_contenttype",
            "name": "Can delete content type",
            "content_type": 4
        }
    },
    {
        "pk": 13,
        "model": "auth.permission",
        "fields": {
            "codename": "add_session",
            "name": "Can add session",
            "content_type": 5
        }
    },
    {
        "pk": 14,
        "model": "auth.permission",
        "fields": {
            "codename": "change_session",
            "name": "Can change session",
            "content_type": 5
        }
    },
    {
        "pk": 15,
        "model": "auth.permission",
        "fields": {
            "codename": "delete_session",
            "name": "Can delete session",
            "content_type": 5
        }
    },
    {
        "pk": 16,
        "model": "auth.permission",
        "fields": {
            "codename": "add_site",
            "name": "Can add site",
            "content_type": 6
        }
    },
    {
        "pk": 17,
        "model": "auth.permission",
        "fields": {
            "codename": "change_site",
            "name": "Can change site",
            "content_type": 6
        }
    },
    {
        "pk": 18,
        "model": "auth.permission",
        "fields": {
            "codename": "delete_site",
            "name": "Can delete site",
            "content_type": 6
        }
    },
    {
        "pk": 19,
        "model": "auth.permission",
        "fields": {
            "codename": "add_migrationhistory",
            "name": "Can add migration history",
            "content_type": 7
        }
    },
    {
        "pk": 20,
        "model": "auth.permission",
        "fields": {
            "codename": "change_migrationhistory",
            "name": "Can change migration history",
            "content_type": 7
        }
    },
    {
        "pk": 21,
        "model": "auth.permission",
        "fields": {
            "codename": "delete_migrationhistory",
            "name": "Can delete migration history",
            "content_type": 7
        }
    },
    {
        "pk": 22,
        "model": "auth.permission",
        "fields": {
            "codename": "add_logentry",
            "name": "Can add log entry",
            "content_type": 8
        }
    },
    {
        "pk": 23,
        "model": "auth.permission",
        "fields": {
            "codename": "change_logentry",
            "name": "Can change log entry",
            "content_type": 8
        }
    },
    {
        "pk": 24,
        "model": "auth.permission",
        "fields": {
            "codename": "delete_logentry",
            "name": "Can delete log entry",
            "content_type": 8
        }
    },
    {
        "pk": 25,
        "model": "auth.permission",
        "fields": {
            "codename": "add_state",
            "name": "Can add state",
            "content_type": 9
        }
    },
    {
        "pk": 26,
        "model": "auth.permission",
        "fields": {
            "codename": "change_state",
            "name": "Can change state",
            "content_type": 9
        }
    },
    {
        "pk": 27,
        "model": "auth.permission",
        "fields": {
            "codename": "delete_state",
            "name": "Can delete state",
            "content_type": 9
        }
    },
    {
        "pk": 28,
        "model": "auth.permission",
        "fields": {
            "codename": "add_city",
            "name": "Can add City",
            "content_type": 10
        }
    },
    {
        "pk": 29,
        "model": "auth.permission",
        "fields": {
            "codename": "change_city",
            "name": "Can change City",
            "content_type": 10
        }
    },
    {
        "pk": 30,
        "model": "auth.permission",
        "fields": {
            "codename": "delete_city",
            "name": "Can delete City",
            "content_type": 10
        }
    },
    {
        "pk": 31,
        "model": "auth.permission",
        "fields": {
            "codename": "add_country",
            "name": "Can add country",
            "content_type": 11
        }
    },
    {
        "pk": 32,
        "model": "auth.permission",
        "fields": {
            "codename": "change_country",
            "name": "Can change country",
            "content_type": 11
        }
    },
    {
        "pk": 33,
        "model": "auth.permission",
        "fields": {
            "codename": "delete_country",
            "name": "Can delete country",
            "content_type": 11
        }
    },
    {
        "pk": 34,
        "model": "auth.permission",
        "fields": {
            "codename": "add_brand",
            "name": "Can add brand",
            "content_type": 12
        }
    },
    {
        "pk": 35,
        "model": "auth.permission",
        "fields": {
            "codename": "change_brand",
            "name": "Can change brand",
            "content_type": 12
        }
    },
    {
        "pk": 36,
        "model": "auth.permission",
        "fields": {
            "codename": "delete_brand",
            "name": "Can delete brand",
            "content_type": 12
        }
    },
    {
        "pk": 37,
        "model": "auth.permission",
        "fields": {
            "codename": "add_cluster",
            "name": "Can add cluster",
            "content_type": 13
        }
    },
    {
        "pk": 38,
        "model": "auth.permission",
        "fields": {
            "codename": "change_cluster",
            "name": "Can change cluster",
            "content_type": 13
        }
    },
    {
        "pk": 39,
        "model": "auth.permission",
        "fields": {
            "codename": "delete_cluster",
            "name": "Can delete cluster",
            "content_type": 13
        }
    },
    {
        "pk": 40,
        "model": "auth.permission",
        "fields": {
            "codename": "add_store",
            "name": "Can add store",
            "content_type": 14
        }
    },
    {
        "pk": 41,
        "model": "auth.permission",
        "fields": {
            "codename": "change_store",
            "name": "Can change store",
            "content_type": 14
        }
    },
    {
        "pk": 42,
        "model": "auth.permission",
        "fields": {
            "codename": "delete_store",
            "name": "Can delete store",
            "content_type": 14
        }
    },
    {
        "pk": 43,
        "model": "auth.permission",
        "fields": {
            "codename": "add_storefeedback",
            "name": "Can add store feedback",
            "content_type": 15
        }
    },
    {
        "pk": 44,
        "model": "auth.permission",
        "fields": {
            "codename": "change_storefeedback",
            "name": "Can change store feedback",
            "content_type": 15
        }
    },
    {
        "pk": 45,
        "model": "auth.permission",
        "fields": {
            "codename": "delete_storefeedback",
            "name": "Can delete store feedback",
            "content_type": 15
        }
    },
    {
        "pk": 46,
        "model": "auth.permission",
        "fields": {
            "codename": "add_device",
            "name": "Can add device",
            "content_type": 16
        }
    },
    {
        "pk": 47,
        "model": "auth.permission",
        "fields": {
            "codename": "change_device",
            "name": "Can change device",
            "content_type": 16
        }
    },
    {
        "pk": 48,
        "model": "auth.permission",
        "fields": {
            "codename": "delete_device",
            "name": "Can delete device",
            "content_type": 16
        }
    },
    {
        "pk": 49,
        "model": "auth.permission",
        "fields": {
            "codename": "add_contenttype",
            "name": "Can add content type",
            "content_type": 17
        }
    },
    {
        "pk": 50,
        "model": "auth.permission",
        "fields": {
            "codename": "change_contenttype",
            "name": "Can change content type",
            "content_type": 17
        }
    },
    {
        "pk": 51,
        "model": "auth.permission",
        "fields": {
            "codename": "delete_contenttype",
            "name": "Can delete content type",
            "content_type": 17
        }
    },
    {
        "pk": 52,
        "model": "auth.permission",
        "fields": {
            "codename": "add_orderedstorecontent",
            "name": "Can add ordered store content",
            "content_type": 18
        }
    },
    {
        "pk": 53,
        "model": "auth.permission",
        "fields": {
            "codename": "change_orderedstorecontent",
            "name": "Can change ordered store content",
            "content_type": 18
        }
    },
    {
        "pk": 54,
        "model": "auth.permission",
        "fields": {
            "codename": "delete_orderedstorecontent",
            "name": "Can delete ordered store content",
            "content_type": 18
        }
    },
    {
        "pk": 55,
        "model": "auth.permission",
        "fields": {
            "codename": "add_content",
            "name": "Can add content",
            "content_type": 19
        }
    },
    {
        "pk": 56,
        "model": "auth.permission",
        "fields": {
            "codename": "change_content",
            "name": "Can change content",
            "content_type": 19
        }
    },
    {
        "pk": 57,
        "model": "auth.permission",
        "fields": {
            "codename": "delete_content",
            "name": "Can delete content",
            "content_type": 19
        }
    },
    {
        "pk": 58,
        "model": "auth.permission",
        "fields": {
            "codename": "add_audio",
            "name": "Can add audio",
            "content_type": 20
        }
    },
    {
        "pk": 59,
        "model": "auth.permission",
        "fields": {
            "codename": "change_audio",
            "name": "Can change audio",
            "content_type": 20
        }
    },
    {
        "pk": 60,
        "model": "auth.permission",
        "fields": {
            "codename": "delete_audio",
            "name": "Can delete audio",
            "content_type": 20
        }
    },
    {
        "pk": 61,
        "model": "auth.permission",
        "fields": {
            "codename": "add_video",
            "name": "Can add video",
            "content_type": 21
        }
    },
    {
        "pk": 62,
        "model": "auth.permission",
        "fields": {
            "codename": "change_video",
            "name": "Can change video",
            "content_type": 21
        }
    },
    {
        "pk": 63,
        "model": "auth.permission",
        "fields": {
            "codename": "delete_video",
            "name": "Can delete video",
            "content_type": 21
        }
    },
    {
        "pk": 64,
        "model": "auth.permission",
        "fields": {
            "codename": "add_wallpaper",
            "name": "Can add wallpaper",
            "content_type": 22
        }
    },
    {
        "pk": 65,
        "model": "auth.permission",
        "fields": {
            "codename": "change_wallpaper",
            "name": "Can change wallpaper",
            "content_type": 22
        }
    },
    {
        "pk": 66,
        "model": "auth.permission",
        "fields": {
            "codename": "delete_wallpaper",
            "name": "Can delete wallpaper",
            "content_type": 22
        }
    },
    {
        "pk": 67,
        "model": "auth.permission",
        "fields": {
            "codename": "add_web",
            "name": "Can add web",
            "content_type": 23
        }
    },
    {
        "pk": 68,
        "model": "auth.permission",
        "fields": {
            "codename": "change_web",
            "name": "Can change web",
            "content_type": 23
        }
    },
    {
        "pk": 69,
        "model": "auth.permission",
        "fields": {
            "codename": "delete_web",
            "name": "Can delete web",
            "content_type": 23
        }
    },
    {
        "pk": 70,
        "model": "auth.permission",
        "fields": {
            "codename": "add_webcontent",
            "name": "Can add web content",
            "content_type": 24
        }
    },
    {
        "pk": 71,
        "model": "auth.permission",
        "fields": {
            "codename": "change_webcontent",
            "name": "Can change web content",
            "content_type": 24
        }
    },
    {
        "pk": 72,
        "model": "auth.permission",
        "fields": {
            "codename": "delete_webcontent",
            "name": "Can delete web content",
            "content_type": 24
        }
    },
    {
        "pk": 73,
        "model": "auth.permission",
        "fields": {
            "codename": "add_image",
            "name": "Can add image",
            "content_type": 25
        }
    },
    {
        "pk": 74,
        "model": "auth.permission",
        "fields": {
            "codename": "change_image",
            "name": "Can change image",
            "content_type": 25
        }
    },
    {
        "pk": 75,
        "model": "auth.permission",
        "fields": {
            "codename": "delete_image",
            "name": "Can delete image",
            "content_type": 25
        }
    },
    {
        "pk": 76,
        "model": "auth.permission",
        "fields": {
            "codename": "add_slideshowimage",
            "name": "Can add slide show image",
            "content_type": 26
        }
    },
    {
        "pk": 77,
        "model": "auth.permission",
        "fields": {
            "codename": "change_slideshowimage",
            "name": "Can change slide show image",
            "content_type": 26
        }
    },
    {
        "pk": 78,
        "model": "auth.permission",
        "fields": {
            "codename": "delete_slideshowimage",
            "name": "Can delete slide show image",
            "content_type": 26
        }
    },
    {
        "pk": 79,
        "model": "auth.permission",
        "fields": {
            "codename": "add_slideshow",
            "name": "Can add slide show",
            "content_type": 27
        }
    },
    {
        "pk": 80,
        "model": "auth.permission",
        "fields": {
            "codename": "change_slideshow",
            "name": "Can change slide show",
            "content_type": 27
        }
    },
    {
        "pk": 81,
        "model": "auth.permission",
        "fields": {
            "codename": "delete_slideshow",
            "name": "Can delete slide show",
            "content_type": 27
        }
    },
    {
        "pk": 1,
        "model": "auth.user",
        "fields": {
            "username": "nag",
            "first_name": "",
            "last_name": "",
            "is_active": true,
            "is_superuser": true,
            "is_staff": true,
            "last_login": "2014-01-09T14:20:58.872Z",
            "groups": [],
            "user_permissions": [],
            "password": "pbkdf2_sha256$12000$kSGYtxH2Ke8a$FNfkn7pb1AYb6goBEgcsAEBRCopT51MUw0huYq22Gx0=",
            "email": "",
            "date_joined": "2014-01-09T10:45:56.828Z"
        }
    },
    {
        "pk": 1,
        "model": "admin.logentry",
        "fields": {
            "action_flag": 1,
            "action_time": "2014-01-09T10:50:12.858Z",
            "object_repr": "Bangalore",
            "object_id": "1",
            "change_message": "",
            "user": 1,
            "content_type": 10
        }
    },
    {
        "pk": 2,
        "model": "admin.logentry",
        "fields": {
            "action_flag": 1,
            "action_time": "2014-01-09T10:50:22.934Z",
            "object_repr": "Karnataka",
            "object_id": "1",
            "change_message": "",
            "user": 1,
            "content_type": 9
        }
    },
    {
        "pk": 3,
        "model": "admin.logentry",
        "fields": {
            "action_flag": 1,
            "action_time": "2014-01-09T10:50:40.507Z",
            "object_repr": "Kormangala Bangalore",
            "object_id": "1",
            "change_message": "",
            "user": 1,
            "content_type": 13
        }
    },
    {
        "pk": 4,
        "model": "admin.logentry",
        "fields": {
            "action_flag": 1,
            "action_time": "2014-01-09T10:50:44.587Z",
            "object_repr": "Starbucks",
            "object_id": "1",
            "change_message": "",
            "user": 1,
            "content_type": 12
        }
    },
    {
        "pk": 5,
        "model": "admin.logentry",
        "fields": {
            "action_flag": 1,
            "action_time": "2014-01-09T10:52:41.042Z",
            "object_repr": "Naturals",
            "object_id": "2",
            "change_message": "",
            "user": 1,
            "content_type": 12
        }
    },
    {
        "pk": 6,
        "model": "admin.logentry",
        "fields": {
            "action_flag": 2,
            "action_time": "2014-01-09T10:53:26.921Z",
            "object_repr": "Naturals Kormangala",
            "object_id": "2",
            "change_message": "Added device \"121\".",
            "user": 1,
            "content_type": 14
        }
    },
    {
        "pk": 7,
        "model": "admin.logentry",
        "fields": {
            "action_flag": 1,
            "action_time": "2014-01-09T11:49:10.049Z",
            "object_repr": "Wallpaper",
            "object_id": "1",
            "change_message": "",
            "user": 1,
            "content_type": 17
        }
    },
    {
        "pk": 8,
        "model": "admin.logentry",
        "fields": {
            "action_flag": 1,
            "action_time": "2014-01-09T11:49:17.779Z",
            "object_repr": "Atms nearby",
            "object_id": "1",
            "change_message": "",
            "user": 1,
            "content_type": 22
        }
    },
    {
        "pk": 9,
        "model": "admin.logentry",
        "fields": {
            "action_flag": 2,
            "action_time": "2014-01-09T11:49:33.458Z",
            "object_repr": "Kormangala Bangalore",
            "object_id": "1",
            "change_message": "Changed content.",
            "user": 1,
            "content_type": 13
        }
    },
    {
        "pk": 10,
        "model": "admin.logentry",
        "fields": {
            "action_flag": 2,
            "action_time": "2014-01-09T11:54:08.331Z",
            "object_repr": "Atms nearby",
            "object_id": "1",
            "change_message": "Changed content_location.",
            "user": 1,
            "content_type": 22
        }
    },
    {
        "pk": 11,
        "model": "admin.logentry",
        "fields": {
            "action_flag": 1,
            "action_time": "2014-01-09T12:32:09.025Z",
            "object_repr": "Starbucks wall",
            "object_id": "2",
            "change_message": "",
            "user": 1,
            "content_type": 22
        }
    },
    {
        "pk": 12,
        "model": "admin.logentry",
        "fields": {
            "action_flag": 1,
            "action_time": "2014-01-09T12:34:43.009Z",
            "object_repr": "Naturals wall",
            "object_id": "3",
            "change_message": "",
            "user": 1,
            "content_type": 22
        }
    },
    {
        "pk": 13,
        "model": "admin.logentry",
        "fields": {
            "action_flag": 1,
            "action_time": "2014-01-09T12:38:18.308Z",
            "object_repr": "Starbucks wall 1",
            "object_id": "4",
            "change_message": "",
            "user": 1,
            "content_type": 22
        }
    },
    {
        "pk": 14,
        "model": "admin.logentry",
        "fields": {
            "action_flag": 1,
            "action_time": "2014-01-09T12:38:53.013Z",
            "object_repr": "Starbucks wall 2",
            "object_id": "5",
            "change_message": "",
            "user": 1,
            "content_type": 22
        }
    },
    {
        "pk": 15,
        "model": "admin.logentry",
        "fields": {
            "action_flag": 1,
            "action_time": "2014-01-09T12:39:29.343Z",
            "object_repr": "Naturals wall 1",
            "object_id": "6",
            "change_message": "",
            "user": 1,
            "content_type": 22
        }
    },
    {
        "pk": 16,
        "model": "admin.logentry",
        "fields": {
            "action_flag": 1,
            "action_time": "2014-01-09T12:39:50.156Z",
            "object_repr": "Naturals wall 2",
            "object_id": "7",
            "change_message": "",
            "user": 1,
            "content_type": 22
        }
    },
    {
        "pk": 17,
        "model": "admin.logentry",
        "fields": {
            "action_flag": 1,
            "action_time": "2014-01-09T12:41:27.054Z",
            "object_repr": "Slide Show",
            "object_id": "2",
            "change_message": "",
            "user": 1,
            "content_type": 17
        }
    },
    {
        "pk": 18,
        "model": "admin.logentry",
        "fields": {
            "action_flag": 1,
            "action_time": "2014-01-09T12:41:39.882Z",
            "object_repr": "Entrance 1",
            "object_id": "1",
            "change_message": "",
            "user": 1,
            "content_type": 25
        }
    },
    {
        "pk": 19,
        "model": "admin.logentry",
        "fields": {
            "action_flag": 1,
            "action_time": "2014-01-09T12:41:50.471Z",
            "object_repr": "Entrance 2",
            "object_id": "2",
            "change_message": "",
            "user": 1,
            "content_type": 25
        }
    },
    {
        "pk": 20,
        "model": "admin.logentry",
        "fields": {
            "action_flag": 1,
            "action_time": "2014-01-09T12:42:00.991Z",
            "object_repr": "Entrance 3",
            "object_id": "3",
            "change_message": "",
            "user": 1,
            "content_type": 25
        }
    },
    {
        "pk": 21,
        "model": "admin.logentry",
        "fields": {
            "action_flag": 1,
            "action_time": "2014-01-09T12:42:17.233Z",
            "object_repr": "Entrance 4",
            "object_id": "4",
            "change_message": "",
            "user": 1,
            "content_type": 25
        }
    },
    {
        "pk": 22,
        "model": "admin.logentry",
        "fields": {
            "action_flag": 1,
            "action_time": "2014-01-09T12:42:28.535Z",
            "object_repr": "Entrance 5",
            "object_id": "5",
            "change_message": "",
            "user": 1,
            "content_type": 25
        }
    },
    {
        "pk": 23,
        "model": "admin.logentry",
        "fields": {
            "action_flag": 1,
            "action_time": "2014-01-09T12:44:09.488Z",
            "object_repr": "Starbucks Entrances",
            "object_id": "8",
            "change_message": "",
            "user": 1,
            "content_type": 27
        }
    },
    {
        "pk": 24,
        "model": "admin.logentry",
        "fields": {
            "action_flag": 1,
            "action_time": "2014-01-09T12:44:46.286Z",
            "object_repr": "Bride 1",
            "object_id": "6",
            "change_message": "",
            "user": 1,
            "content_type": 25
        }
    },
    {
        "pk": 25,
        "model": "admin.logentry",
        "fields": {
            "action_flag": 1,
            "action_time": "2014-01-09T12:44:58.104Z",
            "object_repr": "Bride 2",
            "object_id": "7",
            "change_message": "",
            "user": 1,
            "content_type": 25
        }
    },
    {
        "pk": 26,
        "model": "admin.logentry",
        "fields": {
            "action_flag": 1,
            "action_time": "2014-01-09T12:45:16.236Z",
            "object_repr": "Bride 3",
            "object_id": "8",
            "change_message": "",
            "user": 1,
            "content_type": 25
        }
    },
    {
        "pk": 27,
        "model": "admin.logentry",
        "fields": {
            "action_flag": 1,
            "action_time": "2014-01-09T12:45:28.574Z",
            "object_repr": "Bride 4",
            "object_id": "9",
            "change_message": "",
            "user": 1,
            "content_type": 25
        }
    },
    {
        "pk": 28,
        "model": "admin.logentry",
        "fields": {
            "action_flag": 1,
            "action_time": "2014-01-09T12:45:42.952Z",
            "object_repr": "Bride 5",
            "object_id": "10",
            "change_message": "",
            "user": 1,
            "content_type": 25
        }
    },
    {
        "pk": 29,
        "model": "admin.logentry",
        "fields": {
            "action_flag": 1,
            "action_time": "2014-01-09T12:47:51.463Z",
            "object_repr": "Bridal Collection",
            "object_id": "9",
            "change_message": "",
            "user": 1,
            "content_type": 27
        }
    },
    {
        "pk": 30,
        "model": "admin.logentry",
        "fields": {
            "action_flag": 1,
            "action_time": "2014-01-10T05:24:45.509Z",
            "object_repr": "Info on Starbucks",
            "object_id": "10",
            "change_message": "",
            "user": 1,
            "content_type": 22
        }
    },
    {
        "pk": 31,
        "model": "admin.logentry",
        "fields": {
            "action_flag": 2,
            "action_time": "2014-01-10T05:25:31.202Z",
            "object_repr": "Starbucks Kormangala",
            "object_id": "1",
            "change_message": "Added ordered store content \"OrderedStoreContent object\". Added ordered store content \"OrderedStoreContent object\". Added ordered store content \"OrderedStoreContent object\". Added ordered store content \"OrderedStoreContent object\".",
            "user": 1,
            "content_type": 14
        }
    },
    {
        "pk": 32,
        "model": "admin.logentry",
        "fields": {
            "action_flag": 1,
            "action_time": "2014-01-10T05:26:38.083Z",
            "object_repr": "Info on Naturals",
            "object_id": "11",
            "change_message": "",
            "user": 1,
            "content_type": 22
        }
    },
    {
        "pk": 33,
        "model": "admin.logentry",
        "fields": {
            "action_flag": 2,
            "action_time": "2014-01-10T05:27:36.723Z",
            "object_repr": "Naturals Kormangala",
            "object_id": "2",
            "change_message": "Added ordered store content \"OrderedStoreContent object\". Added ordered store content \"OrderedStoreContent object\". Added ordered store content \"OrderedStoreContent object\". Added ordered store content \"OrderedStoreContent object\".",
            "user": 1,
            "content_type": 14
        }
    },
    {
        "pk": 34,
        "model": "admin.logentry",
        "fields": {
            "action_flag": 2,
            "action_time": "2014-01-10T06:12:43.110Z",
            "object_repr": "Naturals Kormangala",
            "object_id": "2",
            "change_message": "Added ordered store content \"OrderedStoreContent object\".",
            "user": 1,
            "content_type": 14
        }
    },
    {
        "pk": 35,
        "model": "admin.logentry",
        "fields": {
            "action_flag": 2,
            "action_time": "2014-01-10T06:12:54.908Z",
            "object_repr": "Starbucks Kormangala",
            "object_id": "1",
            "change_message": "Added ordered store content \"OrderedStoreContent object\".",
            "user": 1,
            "content_type": 14
        }
    },
    {
        "pk": 36,
        "model": "admin.logentry",
        "fields": {
            "action_flag": 1,
            "action_time": "2014-01-10T06:35:00.215Z",
            "object_repr": "Oscar",
            "object_id": "11",
            "change_message": "",
            "user": 1,
            "content_type": 25
        }
    },
    {
        "pk": 37,
        "model": "admin.logentry",
        "fields": {
            "action_flag": 1,
            "action_time": "2014-01-10T06:35:09.591Z",
            "object_repr": "Mata",
            "object_id": "12",
            "change_message": "",
            "user": 1,
            "content_type": 25
        }
    },
    {
        "pk": 38,
        "model": "admin.logentry",
        "fields": {
            "action_flag": 1,
            "action_time": "2014-01-10T06:35:21.242Z",
            "object_repr": "Hazard",
            "object_id": "13",
            "change_message": "",
            "user": 1,
            "content_type": 25
        }
    },
    {
        "pk": 39,
        "model": "admin.logentry",
        "fields": {
            "action_flag": 1,
            "action_time": "2014-01-10T06:35:31.592Z",
            "object_repr": "Torres",
            "object_id": "14",
            "change_message": "",
            "user": 1,
            "content_type": 25
        }
    },
    {
        "pk": 40,
        "model": "admin.logentry",
        "fields": {
            "action_flag": 1,
            "action_time": "2014-01-10T06:35:39.713Z",
            "object_repr": "Cfc all the way",
            "object_id": "12",
            "change_message": "",
            "user": 1,
            "content_type": 27
        }
    },
    {
        "pk": 41,
        "model": "admin.logentry",
        "fields": {
            "action_flag": 2,
            "action_time": "2014-01-10T06:35:56.814Z",
            "object_repr": "Starbucks Kormangala",
            "object_id": "1",
            "change_message": "Added ordered store content \"OrderedStoreContent object\".",
            "user": 1,
            "content_type": 14
        }
    },
    {
        "pk": 42,
        "model": "admin.logentry",
        "fields": {
            "action_flag": 2,
            "action_time": "2014-01-10T06:36:11.661Z",
            "object_repr": "Naturals Kormangala",
            "object_id": "2",
            "change_message": "Added ordered store content \"OrderedStoreContent object\".",
            "user": 1,
            "content_type": 14
        }
    },
    {
        "pk": 43,
        "model": "admin.logentry",
        "fields": {
            "action_flag": 2,
            "action_time": "2014-01-10T06:36:28.697Z",
            "object_repr": "Torres",
            "object_id": "14",
            "change_message": "Changed target_url.",
            "user": 1,
            "content_type": 25
        }
    },
    {
        "pk": 44,
        "model": "admin.logentry",
        "fields": {
            "action_flag": 2,
            "action_time": "2014-01-10T06:38:42.593Z",
            "object_repr": "Bride 1",
            "object_id": "6",
            "change_message": "Changed target_url.",
            "user": 1,
            "content_type": 25
        }
    }
]