[
    {
        "pk": 1,
        "model": "contenttypes.contenttype",
        "fields": {
            "model": "permission",
            "name": "permission",
            "app_label": "auth"
        }
    },
    {
        "pk": 2,
        "model": "contenttypes.contenttype",
        "fields": {
            "model": "group",
            "name": "group",
            "app_label": "auth"
        }
    },
    {
        "pk": 3,
        "model": "contenttypes.contenttype",
        "fields": {
            "model": "user",
            "name": "user",
            "app_label": "auth"
        }
    },
    {
        "pk": 4,
        "model": "contenttypes.contenttype",
        "fields": {
            "model": "contenttype",
            "name": "content type",
            "app_label": "contenttypes"
        }
    },
    {
        "pk": 5,
        "model": "contenttypes.contenttype",
        "fields": {
            "model": "session",
            "name": "session",
            "app_label": "sessions"
        }
    },
    {
        "pk": 6,
        "model": "contenttypes.contenttype",
        "fields": {
            "model": "site",
            "name": "site",
            "app_label": "sites"
        }
    },
    {
        "pk": 7,
        "model": "contenttypes.contenttype",
        "fields": {
            "model": "migrationhistory",
            "name": "migration history",
            "app_label": "south"
        }
    },
    {
        "pk": 8,
        "model": "contenttypes.contenttype",
        "fields": {
            "model": "logentry",
            "name": "log entry",
            "app_label": "admin"
        }
    },
    {
        "pk": 9,
        "model": "contenttypes.contenttype",
        "fields": {
            "model": "state",
            "name": "state",
            "app_label": "core"
        }
    },
    {
        "pk": 10,
        "model": "contenttypes.contenttype",
        "fields": {
            "model": "city",
            "name": "City",
            "app_label": "core"
        }
    },
    {
        "pk": 11,
        "model": "contenttypes.contenttype",
        "fields": {
            "model": "country",
            "name": "country",
            "app_label": "core"
        }
    },
    {
        "pk": 12,
        "model": "contenttypes.contenttype",
        "fields": {
            "model": "brand",
            "name": "brand",
            "app_label": "core"
        }
    },
    {
        "pk": 13,
        "model": "contenttypes.contenttype",
        "fields": {
            "model": "cluster",
            "name": "cluster",
            "app_label": "core"
        }
    },
    {
        "pk": 14,
        "model": "contenttypes.contenttype",
        "fields": {
            "model": "store",
            "name": "store",
            "app_label": "core"
        }
    },
    {
        "pk": 15,
        "model": "contenttypes.contenttype",
        "fields": {
            "model": "storefeedback",
            "name": "store feedback",
            "app_label": "core"
        }
    },
    {
        "pk": 16,
        "model": "contenttypes.contenttype",
        "fields": {
            "model": "device",
            "name": "device",
            "app_label": "core"
        }
    },
    {
        "pk": 17,
        "model": "contenttypes.contenttype",
        "fields": {
            "model": "contenttype",
            "name": "content type",
            "app_label": "core"
        }
    },
    {
        "pk": 18,
        "model": "contenttypes.contenttype",
        "fields": {
            "model": "content",
            "name": "content",
            "app_label": "core"
        }
    },
    {
        "pk": 19,
        "model": "contenttypes.contenttype",
        "fields": {
            "model": "audio",
            "name": "audio",
            "app_label": "core"
        }
    },
    {
        "pk": 20,
        "model": "contenttypes.contenttype",
        "fields": {
            "model": "video",
            "name": "video",
            "app_label": "core"
        }
    },
    {
        "pk": 21,
        "model": "contenttypes.contenttype",
        "fields": {
            "model": "wallpaper",
            "name": "wallpaper",
            "app_label": "core"
        }
    },
    {
        "pk": 22,
        "model": "contenttypes.contenttype",
        "fields": {
            "model": "web",
            "name": "web",
            "app_label": "core"
        }
    },
    {
        "pk": 23,
        "model": "contenttypes.contenttype",
        "fields": {
            "model": "webcontent",
            "name": "web content",
            "app_label": "core"
        }
    },
    {
        "pk": 24,
        "model": "contenttypes.contenttype",
        "fields": {
            "model": "image",
            "name": "image",
            "app_label": "core"
        }
    },
    {
        "pk": 25,
        "model": "contenttypes.contenttype",
        "fields": {
            "model": "slideshowimage",
            "name": "slide show image",
            "app_label": "core"
        }
    },
    {
        "pk": 26,
        "model": "contenttypes.contenttype",
        "fields": {
            "model": "slideshow",
            "name": "slide show",
            "app_label": "core"
        }
    },
    {
        "pk": "7qxk8yfrfuipg8qkofsyzbjgbr8w1iqe",
        "model": "sessions.session",
        "fields": {
            "expire_date": "2014-01-09T09:12:24.428Z",
            "session_data": "OWJjNzBmZWFlNTQyMzk1ZWM1Y2Q5YWFiMTEyYmRmMjZmMDgyZTQ0NDp7Il9hdXRoX3VzZXJfYmFja2VuZCI6ImRqYW5nby5jb250cmliLmF1dGguYmFja2VuZHMuTW9kZWxCYWNrZW5kIiwiX2F1dGhfdXNlcl9pZCI6MX0="
        }
    },
    {
        "pk": 1,
        "model": "sites.site",
        "fields": {
            "domain": "example.com",
            "name": "example.com"
        }
    },
    {
        "pk": 1,
        "model": "south.migrationhistory",
        "fields": {
            "applied": "2013-12-30T09:47:27.434Z",
            "app_name": "core",
            "migration": "0001_initial"
        }
    },
    {
        "pk": 2,
        "model": "south.migrationhistory",
        "fields": {
            "applied": "2013-12-30T09:47:28.199Z",
            "app_name": "core",
            "migration": "0002_auto__add_webcontent__add_storefeedback__add_field_brand_footfall__add"
        }
    },
    {
        "pk": 3,
        "model": "south.migrationhistory",
        "fields": {
            "applied": "2013-12-30T10:10:25.741Z",
            "app_name": "core",
            "migration": "0003_auto__add_field_store_demo"
        }
    },
    {
        "pk": 4,
        "model": "south.migrationhistory",
        "fields": {
            "applied": "2013-12-31T06:11:15.333Z",
            "app_name": "core",
            "migration": "0004_auto__add_field_store_paid"
        }
    },
    {
        "pk": 1,
        "model": "core.state",
        "fields": {
            "modified": "2013-12-11T09:45:38.282Z",
            "name": "Karnataka",
            "created": "2013-12-11T09:45:38.282Z"
        }
    },
    {
        "pk": 1,
        "model": "core.city",
        "fields": {
            "modified": "2013-12-11T09:45:38.276Z",
            "name": "Bangalore",
            "created": "2013-12-11T09:45:38.276Z"
        }
    },
    {
        "pk": 1,
        "model": "core.brand",
        "fields": {
            "description": "",
            "created": "2013-12-11T06:15:22.215Z",
            "modified": "2013-12-31T08:51:05.555Z",
            "name": "Starbucks",
            "bg_color": "",
            "competitors": [],
            "bg_image": "",
            "slug_name": "starbucks",
            "logo": "thumbnails/2ce67c6f-0a8c-4176-805e-66638c1db638.jpg",
            "footfall": 100
        }
    },
    {
        "pk": 2,
        "model": "core.brand",
        "fields": {
            "description": "",
            "created": "2013-12-11T09:39:29.156Z",
            "modified": "2013-12-31T08:50:56.876Z",
            "name": "Naturals",
            "bg_color": "",
            "competitors": [],
            "bg_image": "",
            "slug_name": "naturals",
            "logo": "thumbnails/aa40b2cd-380d-40f1-93da-9745782cc954.jpg",
            "footfall": 100
        }
    },
    {
        "pk": 3,
        "model": "core.brand",
        "fields": {
            "description": "",
            "created": "2013-12-11T09:41:12.947Z",
            "modified": "2013-12-31T08:50:47.851Z",
            "name": "Sapna",
            "bg_color": "",
            "competitors": [],
            "bg_image": "",
            "slug_name": "sapna",
            "logo": "thumbnails/cfa5b424-158b-4041-9423-0911eaa1446e.jpg",
            "footfall": 100
        }
    },
    {
        "pk": 4,
        "model": "core.brand",
        "fields": {
            "description": "",
            "created": "2013-12-11T09:43:10.452Z",
            "modified": "2013-12-31T08:50:35.284Z",
            "name": "P N Rao",
            "bg_color": "",
            "competitors": [],
            "bg_image": "",
            "slug_name": "pnrao",
            "logo": "thumbnails/f50e4927-7b80-4811-aba4-03c27636bb60.jpg",
            "footfall": 100
        }
    },
    {
        "pk": 1,
        "model": "core.cluster",
        "fields": {
            "city": 1,
            "description": "",
            "locality": "Kormangala",
            "created": "2013-12-11T06:15:40.469Z",
            "modified": "2013-12-31T09:11:06.301Z",
            "state": 1,
            "map_name": "69b429ed-e0f9-407d-97f1-66eca4f8e43a.png",
            "name": "Kormangala Bangalore"
        }
    },
    {
        "pk": 54,
        "model": "core.store",
        "fields": {
            "city": 1,
            "pin_code": "",
            "cluster": 1,
            "description": "",
            "created": "2013-12-11T09:34:05.679Z",
            "demo": false,
            "brand": 1,
            "modified": "2013-12-31T08:52:00.160Z",
            "longitude": "77.612211",
            "mail_id": "",
            "map_name": "dd7c3a99-a5d3-4188-8f45-1049b951f27e.png",
            "address_first_line": "Some first line address",
            "state": 1,
            "slug_name": "starbucks",
            "paid": true,
            "contact_number": "",
            "latitude": "12.935103",
            "address_second_line": "",
            "name": "Starbucks Kormangala"
        }
    },
    {
        "pk": 55,
        "model": "core.store",
        "fields": {
            "city": 1,
            "pin_code": "",
            "cluster": 1,
            "description": "",
            "created": "2013-12-11T09:39:33.995Z",
            "demo": false,
            "brand": 2,
            "modified": "2013-12-31T08:51:55.700Z",
            "longitude": "77.611997",
            "mail_id": "",
            "map_name": "a39ed0cf-9f34-43aa-9029-14ff34559403.png",
            "address_first_line": "Some first line address",
            "state": 1,
            "slug_name": "naturals",
            "paid": true,
            "contact_number": "",
            "latitude": "12.934653",
            "address_second_line": "",
            "name": "Naturals Kormangala"
        }
    },
    {
        "pk": 56,
        "model": "core.store",
        "fields": {
            "city": 1,
            "pin_code": "",
            "cluster": 1,
            "description": "",
            "created": "2013-12-11T09:41:17.649Z",
            "demo": false,
            "brand": 3,
            "modified": "2013-12-31T08:51:50.150Z",
            "longitude": "77.622653",
            "mail_id": "",
            "map_name": "f4c52024-555c-49c5-b4a3-f512be269e0a.png",
            "address_first_line": "Some first line address",
            "state": 1,
            "slug_name": "sapna",
            "paid": true,
            "contact_number": "",
            "latitude": "12.931258",
            "address_second_line": "",
            "name": "Sapna Kormangala"
        }
    },
    {
        "pk": 57,
        "model": "core.store",
        "fields": {
            "city": 1,
            "pin_code": "",
            "cluster": 1,
            "description": "",
            "created": "2013-12-11T09:43:14.927Z",
            "demo": false,
            "brand": 4,
            "modified": "2013-12-31T08:51:42.637Z",
            "longitude": "77.617396",
            "mail_id": "",
            "map_name": "7f85f8bf-6ab0-46bb-865f-561c1c2e7fac.png",
            "address_first_line": "Some first line address",
            "state": 1,
            "slug_name": "pnrao",
            "paid": true,
            "contact_number": "",
            "latitude": "12.927321",
            "address_second_line": "",
            "name": "P N Rao Kormangala"
        }
    },
    {
        "pk": 1,
        "model": "core.storefeedback",
        "fields": {
            "phone_number": "919916069437",
            "name": "Nagkumar A",
            "created": "2013-12-26T09:36:26.863Z",
            "email_id": "nagkumar91@gmail.com",
            "modified": "2013-12-26T09:36:26.866Z",
            "message": "Some message 1",
            "store": 54
        }
    },
    {
        "pk": 2,
        "model": "core.storefeedback",
        "fields": {
            "phone_number": "919916069437",
            "name": "Nagkumar A",
            "created": "2013-12-26T09:36:44.322Z",
            "email_id": "nagkumar91@gmail.com",
            "modified": "2013-12-26T09:36:44.323Z",
            "message": "Another message\r\n",
            "store": 54
        }
    },
    {
        "pk": 1,
        "model": "core.device",
        "fields": {
            "created": "2013-12-26T09:31:35.848Z",
            "modified": "2013-12-26T09:31:35.878Z",
            "mac_address": "",
            "type": "Simple",
            "store": 57,
            "device_id": 121
        }
    },
    {
        "pk": 1,
        "model": "core.contenttype",
        "fields": {
            "modified": "2013-12-11T09:48:27.541Z",
            "name": "Wallpaper",
            "created": "2013-12-11T09:48:27.482Z"
        }
    },
    {
        "pk": 2,
        "model": "core.contenttype",
        "fields": {
            "modified": "2013-12-12T05:28:54.820Z",
            "name": "Slide Show",
            "created": "2013-12-12T05:28:54.767Z"
        }
    },
    {
        "pk": 3,
        "model": "core.contenttype",
        "fields": {
            "modified": "2013-12-12T12:45:16.285Z",
            "name": "Video",
            "created": "2013-12-12T12:45:16.267Z"
        }
    },
    {
        "pk": 4,
        "model": "core.contenttype",
        "fields": {
            "modified": "2013-12-26T09:19:38.344Z",
            "name": "Audio",
            "created": "2013-12-26T09:19:38.334Z"
        }
    },
    {
        "pk": 1,
        "model": "core.content",
        "fields": {
            "rating": 5,
            "archived": false,
            "end_date": "2014-01-10",
            "description": "",
            "no_of_people_rated": 1,
            "created": "2013-12-11T09:49:25.428Z",
            "thumbnail": "thumbnails/19260f0c-7f41-4760-bb01-bae545a2a151.jpg",
            "modified": "2013-12-31T09:19:59.178Z",
            "name": "Starbucks wall 1",
            "active": true,
            "content_type": 1,
            "short_description": "Starbucks wall on home",
            "start_date": "2013-12-11",
            "store": [54],
            "show_on_home": true
        }
    },
    {
        "pk": 2,
        "model": "core.content",
        "fields": {
            "rating": 5,
            "archived": false,
            "end_date": "2014-01-10",
            "description": "",
            "no_of_people_rated": 1,
            "created": "2013-12-11T09:50:00.981Z",
            "thumbnail": "thumbnails/c7842370-bd04-422a-b50a-2cefddd8b7d1.jpg",
            "modified": "2013-12-31T09:19:46.915Z",
            "name": "Starbucks wall 2",
            "active": true,
            "content_type": 1,
            "short_description": "Some wallpaper which appears on starbucks",
            "start_date": "2013-12-11",
            "store": [54],
            "show_on_home": false
        }
    },
    {
        "pk": 3,
        "model": "core.content",
        "fields": {
            "rating": 5,
            "archived": false,
            "end_date": "2014-01-10",
            "description": "",
            "no_of_people_rated": 1,
            "created": "2013-12-11T09:50:32.306Z",
            "thumbnail": "thumbnails/78552992-5525-42bd-b233-2b53c5597af1.jpg",
            "modified": "2013-12-31T09:18:53.501Z",
            "name": "Starbucks wall 3",
            "active": true,
            "content_type": 1,
            "short_description": "Some wallpaper which appears on starbucks",
            "start_date": "2013-12-11",
            "store": [54],
            "show_on_home": false
        }
    },
    {
        "pk": 4,
        "model": "core.content",
        "fields": {
            "rating": 5,
            "archived": false,
            "end_date": "2014-01-10",
            "description": "",
            "no_of_people_rated": 1,
            "created": "2013-12-11T09:51:08.041Z",
            "thumbnail": "thumbnails/5275baf4-9b0b-425c-adff-5e5b4a14c353.jpg",
            "modified": "2013-12-31T09:18:31.846Z",
            "name": "Starbucks wall 4",
            "active": true,
            "content_type": 1,
            "short_description": "Some wallpaper which appears on starbucks",
            "start_date": "2013-12-11",
            "store": [54],
            "show_on_home": false
        }
    },
    {
        "pk": 5,
        "model": "core.content",
        "fields": {
            "rating": 5,
            "archived": false,
            "end_date": "2014-01-10",
            "description": "",
            "no_of_people_rated": 1,
            "created": "2013-12-11T09:51:47.011Z",
            "thumbnail": "thumbnails/33f7d04d-0a58-4c0a-8df7-8f10027f6451.jpg",
            "modified": "2013-12-31T09:18:05.218Z",
            "name": "Naturals wall 1",
            "active": true,
            "content_type": 1,
            "short_description": "Some wallpaper which appears on naturals wall",
            "start_date": "2013-12-11",
            "store": [55],
            "show_on_home": true
        }
    },
    {
        "pk": 6,
        "model": "core.content",
        "fields": {
            "rating": 5,
            "archived": false,
            "end_date": "2014-01-10",
            "description": "",
            "no_of_people_rated": 1,
            "created": "2013-12-11T09:52:12.522Z",
            "thumbnail": "thumbnails/ad7c3c90-1f12-434d-b6b3-d322fab0c885.jpg",
            "modified": "2013-12-31T09:17:53.634Z",
            "name": "Naturals wall 2",
            "active": true,
            "content_type": 1,
            "short_description": "Some wallpaper which appears on naturals",
            "start_date": "2013-12-11",
            "store": [55],
            "show_on_home": false
        }
    },
    {
        "pk": 7,
        "model": "core.content",
        "fields": {
            "rating": 5,
            "archived": false,
            "end_date": "2014-01-10",
            "description": "",
            "no_of_people_rated": 1,
            "created": "2013-12-11T09:52:41.589Z",
            "thumbnail": "thumbnails/aaee2b8d-010c-4dd6-9a7c-c247cc115ed5.jpg",
            "modified": "2013-12-31T09:17:40.103Z",
            "name": "Naturals wall 3",
            "active": true,
            "content_type": 1,
            "short_description": "Some wallpaper which appears on naturals",
            "start_date": "2013-12-11",
            "store": [55],
            "show_on_home": false
        }
    },
    {
        "pk": 8,
        "model": "core.content",
        "fields": {
            "rating": 5,
            "archived": false,
            "end_date": "2014-01-10",
            "description": "",
            "no_of_people_rated": 1,
            "created": "2013-12-11T09:53:31.582Z",
            "thumbnail": "thumbnails/cbc390e1-3455-4fb7-a620-2647d4cb007e.jpg",
            "modified": "2013-12-31T09:17:24.275Z",
            "name": "Sapna wall",
            "active": true,
            "content_type": 1,
            "short_description": "Some wallpaper which appears on Sapna wall",
            "start_date": "2013-12-11",
            "store": [56],
            "show_on_home": true
        }
    },
    {
        "pk": 9,
        "model": "core.content",
        "fields": {
            "rating": 5,
            "archived": false,
            "end_date": "2014-01-10",
            "description": "",
            "no_of_people_rated": 1,
            "created": "2013-12-11T09:54:05.503Z",
            "thumbnail": "thumbnails/7285f1d2-9a7f-4f4d-bacf-448c824b5706.jpg",
            "modified": "2013-12-31T09:17:11.039Z",
            "name": "Sapna wall 2",
            "active": true,
            "content_type": 1,
            "short_description": "Some wallpaper which appears on Sapna",
            "start_date": "2013-12-11",
            "store": [56],
            "show_on_home": false
        }
    },
    {
        "pk": 10,
        "model": "core.content",
        "fields": {
            "rating": 5,
            "archived": false,
            "end_date": "2014-01-10",
            "description": "",
            "no_of_people_rated": 1,
            "created": "2013-12-11T09:54:37.602Z",
            "thumbnail": "thumbnails/688fa746-b2db-4e19-b77d-cdf1976b26d6.jpg",
            "modified": "2013-12-31T09:15:49.606Z",
            "name": "Sapna wall 3",
            "active": true,
            "content_type": 1,
            "short_description": "Some wallpaper which appears on Sapna",
            "start_date": "2013-12-11",
            "store": [56],
            "show_on_home": false
        }
    },
    {
        "pk": 11,
        "model": "core.content",
        "fields": {
            "rating": 5,
            "archived": false,
            "end_date": "2014-01-10",
            "description": "",
            "no_of_people_rated": 1,
            "created": "2013-12-11T09:55:09.083Z",
            "thumbnail": "thumbnails/abe9e3d2-9f77-4c65-9dd4-021d6ef5b9e4.jpg",
            "modified": "2013-12-31T09:15:29.885Z",
            "name": "PN Rao wall 1",
            "active": true,
            "content_type": 1,
            "short_description": "Some wallpaper which appears on PN Rao wall",
            "start_date": "2013-12-11",
            "store": [57],
            "show_on_home": true
        }
    },
    {
        "pk": 12,
        "model": "core.content",
        "fields": {
            "rating": 5,
            "archived": false,
            "end_date": "2014-01-10",
            "description": "",
            "no_of_people_rated": 1,
            "created": "2013-12-11T09:55:34.702Z",
            "thumbnail": "thumbnails/c7bb1cc2-e595-41c9-872c-f1c2f7868e93.jpg",
            "modified": "2013-12-31T09:15:17.735Z",
            "name": "PN Rao wall 2",
            "active": true,
            "content_type": 1,
            "short_description": "Some wallpaper which appears on PN Rao",
            "start_date": "2013-12-11",
            "store": [57],
            "show_on_home": false
        }
    },
    {
        "pk": 13,
        "model": "core.content",
        "fields": {
            "rating": 5,
            "archived": false,
            "end_date": "2014-01-10",
            "description": "",
            "no_of_people_rated": 1,
            "created": "2013-12-11T09:56:44.746Z",
            "thumbnail": "thumbnails/342b6f2f-4554-4e22-8089-657983b09db2.jpg",
            "modified": "2013-12-31T09:15:03.610Z",
            "name": "PN Rao wall 3",
            "active": true,
            "content_type": 1,
            "short_description": "Some wallpaper which appears on PN Rao",
            "start_date": "2013-12-11",
            "store": [57],
            "show_on_home": false
        }
    },
    {
        "pk": 14,
        "model": "core.content",
        "fields": {
            "rating": 5,
            "archived": false,
            "end_date": "2014-01-10",
            "description": "",
            "no_of_people_rated": 1,
            "created": "2013-12-12T05:36:36.772Z",
            "thumbnail": "thumbnails/7d87942b-ebba-4349-ad5c-27d73b218b4d.jpg",
            "modified": "2013-12-31T09:22:17.740Z",
            "name": "Some slideshow 1",
            "active": true,
            "content_type": 2,
            "short_description": "Some slideshow description",
            "start_date": "2013-12-11",
            "store": [56, 57, 54, 55],
            "show_on_home": false
        }
    },
    {
        "pk": 15,
        "model": "core.content",
        "fields": {
            "rating": 5,
            "archived": false,
            "end_date": "2014-01-11",
            "description": "",
            "no_of_people_rated": 1,
            "created": "2013-12-12T12:46:27.640Z",
            "thumbnail": "thumbnails/97f60c46-0100-43b4-8551-808bcaf6c752.jpg",
            "modified": "2013-12-31T09:20:51.909Z",
            "name": "Some vid",
            "active": true,
            "content_type": 3,
            "short_description": "Some description about video",
            "start_date": "2013-12-12",
            "store": [56, 57, 54, 55],
            "show_on_home": false
        }
    },
    {
        "pk": 16,
        "model": "core.content",
        "fields": {
            "rating": 5,
            "archived": false,
            "end_date": "2014-01-25",
            "description": "",
            "no_of_people_rated": 1,
            "created": "2013-12-26T09:19:55.192Z",
            "thumbnail": "thumbnails/04a30059-3d97-4a50-879e-b74975d06790.jpg",
            "modified": "2013-12-31T09:21:43.842Z",
            "name": "My heart goes on",
            "active": true,
            "content_type": 4,
            "short_description": "Titanic's song by Celine Dion",
            "start_date": "2013-12-26",
            "store": [56, 57, 54, 55],
            "show_on_home": false
        }
    },
    {
        "pk": 16,
        "model": "core.audio",
        "fields": {
            "store": [56, 57, 54, 55],
            "file": "audio/687e36ac-fccc-4ff0-9b80-5c8179cbe375.mp3"
        }
    },
    {
        "pk": 15,
        "model": "core.video",
        "fields": {
            "store": [56, 57, 54, 55],
            "file": "video/70387269-94c8-4278-8b49-33ab9184c849.mp4"
        }
    },
    {
        "pk": 1,
        "model": "core.wallpaper",
        "fields": {
            "store": [54],
            "file": "wallpaper/0e237c8d-1a90-4f36-85b9-3bda4c77a85d.jpg"
        }
    },
    {
        "pk": 2,
        "model": "core.wallpaper",
        "fields": {
            "store": [54],
            "file": "wallpaper/c6d18e87-fe09-4401-9f4e-06fd5df477bc.jpg"
        }
    },
    {
        "pk": 3,
        "model": "core.wallpaper",
        "fields": {
            "store": [54],
            "file": "wallpaper/143765dc-8005-4da3-9398-0907537b21e5.jpg"
        }
    },
    {
        "pk": 4,
        "model": "core.wallpaper",
        "fields": {
            "store": [54],
            "file": "wallpaper/c9d8bd48-4531-4c14-ba70-3fa81ad5e4cb.jpg"
        }
    },
    {
        "pk": 5,
        "model": "core.wallpaper",
        "fields": {
            "store": [55],
            "file": "wallpaper/53b5b3c6-273c-4149-af1a-30f394a56b6c.jpg"
        }
    },
    {
        "pk": 6,
        "model": "core.wallpaper",
        "fields": {
            "store": [55],
            "file": "wallpaper/fc18963a-95ca-4641-b218-849003005a16.jpg"
        }
    },
    {
        "pk": 7,
        "model": "core.wallpaper",
        "fields": {
            "store": [55],
            "file": "wallpaper/d24808a4-76b7-409d-ae08-78be0ff6e2d8.jpg"
        }
    },
    {
        "pk": 8,
        "model": "core.wallpaper",
        "fields": {
            "store": [56],
            "file": "wallpaper/6c5653c8-eff2-41aa-866b-d579b518d5b9.jpg"
        }
    },
    {
        "pk": 9,
        "model": "core.wallpaper",
        "fields": {
            "store": [56],
            "file": "wallpaper/e1cdf8e9-10e2-4fa3-8269-4fee2be4a48a.jpg"
        }
    },
    {
        "pk": 10,
        "model": "core.wallpaper",
        "fields": {
            "store": [56],
            "file": "wallpaper/9d31eda6-db62-4c87-abd6-2a814046c500.jpg"
        }
    },
    {
        "pk": 11,
        "model": "core.wallpaper",
        "fields": {
            "store": [57],
            "file": "wallpaper/2fc4182f-2950-42bf-a48c-1448400a450a.jpg"
        }
    },
    {
        "pk": 12,
        "model": "core.wallpaper",
        "fields": {
            "store": [57],
            "file": "wallpaper/833e9798-40b6-4b07-b820-6e25f657f6d5.jpg"
        }
    },
    {
        "pk": 13,
        "model": "core.wallpaper",
        "fields": {
            "store": [57],
            "file": "wallpaper/8b7de95b-ca7a-4c4b-ba45-4ae698a3852d.jpg"
        }
    },
    {
        "pk": 1,
        "model": "core.image",
        "fields": {
            "target_url": "",
            "name": "Hazard",
            "created": "2013-12-12T05:33:48.550Z",
            "image": "images/0aca6bdf-0d48-4e0a-b16a-d7a9e92bcb88.jpg",
            "modified": "2013-12-26T09:45:35.159Z",
            "caption": "Hazard the magician"
        }
    },
    {
        "pk": 2,
        "model": "core.image",
        "fields": {
            "target_url": "",
            "name": "Mata",
            "created": "2013-12-12T05:34:30.060Z",
            "image": "images/646d1030-8955-4368-ab2d-68db15b03342.jpg",
            "modified": "2013-12-26T09:45:19.611Z",
            "caption": "Best CAM in the world"
        }
    },
    {
        "pk": 3,
        "model": "core.image",
        "fields": {
            "target_url": "",
            "name": "Torres",
            "created": "2013-12-12T05:35:38.548Z",
            "image": "images/04d95e44-385f-4bd2-a452-d1e12ce13340.jpg",
            "modified": "2013-12-26T09:44:46.244Z",
            "caption": "Torres the good old striker"
        }
    },
    {
        "pk": 4,
        "model": "core.image",
        "fields": {
            "target_url": "",
            "name": "Oscar",
            "created": "2013-12-12T05:36:02.701Z",
            "image": "images/e9602a3b-af67-480b-8f7b-7c46b85a06fc.jpg",
            "modified": "2013-12-26T09:44:38.706Z",
            "caption": "Young Brazilian"
        }
    },
    {
        "pk": 5,
        "model": "core.image",
        "fields": {
            "target_url": "",
            "name": "Team Celebration",
            "created": "2013-12-12T05:36:30.937Z",
            "image": "images/b00e3096-c6b6-4493-b28c-0e00574bba9b.jpg",
            "modified": "2013-12-26T09:44:31.523Z",
            "caption": "Chelsea team celebrating"
        }
    },
    {
        "pk": 1,
        "model": "core.slideshowimage",
        "fields": {
            "image": 1,
            "slideshow": 14,
            "order": 2
        }
    },
    {
        "pk": 2,
        "model": "core.slideshowimage",
        "fields": {
            "image": 2,
            "slideshow": 14,
            "order": 1
        }
    },
    {
        "pk": 3,
        "model": "core.slideshowimage",
        "fields": {
            "image": 3,
            "slideshow": 14,
            "order": 3
        }
    },
    {
        "pk": 4,
        "model": "core.slideshowimage",
        "fields": {
            "image": 4,
            "slideshow": 14,
            "order": 4
        }
    },
    {
        "pk": 5,
        "model": "core.slideshowimage",
        "fields": {
            "image": 5,
            "slideshow": 14,
            "order": 5
        }
    },
    {
        "pk": 14,
        "model": "core.slideshow",
        "fields": {
            "store": [56, 57, 54, 55]
        }
    },
    {
        "pk": 1,
        "model": "auth.permission",
        "fields": {
            "codename": "add_permission",
            "name": "Can add permission",
            "content_type": 1
        }
    },
    {
        "pk": 2,
        "model": "auth.permission",
        "fields": {
            "codename": "change_permission",
            "name": "Can change permission",
            "content_type": 1
        }
    },
    {
        "pk": 3,
        "model": "auth.permission",
        "fields": {
            "codename": "delete_permission",
            "name": "Can delete permission",
            "content_type": 1
        }
    },
    {
        "pk": 4,
        "model": "auth.permission",
        "fields": {
            "codename": "add_group",
            "name": "Can add group",
            "content_type": 2
        }
    },
    {
        "pk": 5,
        "model": "auth.permission",
        "fields": {
            "codename": "change_group",
            "name": "Can change group",
            "content_type": 2
        }
    },
    {
        "pk": 6,
        "model": "auth.permission",
        "fields": {
            "codename": "delete_group",
            "name": "Can delete group",
            "content_type": 2
        }
    },
    {
        "pk": 7,
        "model": "auth.permission",
        "fields": {
            "codename": "add_user",
            "name": "Can add user",
            "content_type": 3
        }
    },
    {
        "pk": 8,
        "model": "auth.permission",
        "fields": {
            "codename": "change_user",
            "name": "Can change user",
            "content_type": 3
        }
    },
    {
        "pk": 9,
        "model": "auth.permission",
        "fields": {
            "codename": "delete_user",
            "name": "Can delete user",
            "content_type": 3
        }
    },
    {
        "pk": 10,
        "model": "auth.permission",
        "fields": {
            "codename": "add_contenttype",
            "name": "Can add content type",
            "content_type": 4
        }
    },
    {
        "pk": 11,
        "model": "auth.permission",
        "fields": {
            "codename": "change_contenttype",
            "name": "Can change content type",
            "content_type": 4
        }
    },
    {
        "pk": 12,
        "model": "auth.permission",
        "fields": {
            "codename": "delete_contenttype",
            "name": "Can delete content type",
            "content_type": 4
        }
    },
    {
        "pk": 13,
        "model": "auth.permission",
        "fields": {
            "codename": "add_session",
            "name": "Can add session",
            "content_type": 5
        }
    },
    {
        "pk": 14,
        "model": "auth.permission",
        "fields": {
            "codename": "change_session",
            "name": "Can change session",
            "content_type": 5
        }
    },
    {
        "pk": 15,
        "model": "auth.permission",
        "fields": {
            "codename": "delete_session",
            "name": "Can delete session",
            "content_type": 5
        }
    },
    {
        "pk": 16,
        "model": "auth.permission",
        "fields": {
            "codename": "add_site",
            "name": "Can add site",
            "content_type": 6
        }
    },
    {
        "pk": 17,
        "model": "auth.permission",
        "fields": {
            "codename": "change_site",
            "name": "Can change site",
            "content_type": 6
        }
    },
    {
        "pk": 18,
        "model": "auth.permission",
        "fields": {
            "codename": "delete_site",
            "name": "Can delete site",
            "content_type": 6
        }
    },
    {
        "pk": 19,
        "model": "auth.permission",
        "fields": {
            "codename": "add_migrationhistory",
            "name": "Can add migration history",
            "content_type": 7
        }
    },
    {
        "pk": 20,
        "model": "auth.permission",
        "fields": {
            "codename": "change_migrationhistory",
            "name": "Can change migration history",
            "content_type": 7
        }
    },
    {
        "pk": 21,
        "model": "auth.permission",
        "fields": {
            "codename": "delete_migrationhistory",
            "name": "Can delete migration history",
            "content_type": 7
        }
    },
    {
        "pk": 22,
        "model": "auth.permission",
        "fields": {
            "codename": "add_logentry",
            "name": "Can add log entry",
            "content_type": 8
        }
    },
    {
        "pk": 23,
        "model": "auth.permission",
        "fields": {
            "codename": "change_logentry",
            "name": "Can change log entry",
            "content_type": 8
        }
    },
    {
        "pk": 24,
        "model": "auth.permission",
        "fields": {
            "codename": "delete_logentry",
            "name": "Can delete log entry",
            "content_type": 8
        }
    },
    {
        "pk": 25,
        "model": "auth.permission",
        "fields": {
            "codename": "add_state",
            "name": "Can add state",
            "content_type": 9
        }
    },
    {
        "pk": 26,
        "model": "auth.permission",
        "fields": {
            "codename": "change_state",
            "name": "Can change state",
            "content_type": 9
        }
    },
    {
        "pk": 27,
        "model": "auth.permission",
        "fields": {
            "codename": "delete_state",
            "name": "Can delete state",
            "content_type": 9
        }
    },
    {
        "pk": 28,
        "model": "auth.permission",
        "fields": {
            "codename": "add_city",
            "name": "Can add City",
            "content_type": 10
        }
    },
    {
        "pk": 29,
        "model": "auth.permission",
        "fields": {
            "codename": "change_city",
            "name": "Can change City",
            "content_type": 10
        }
    },
    {
        "pk": 30,
        "model": "auth.permission",
        "fields": {
            "codename": "delete_city",
            "name": "Can delete City",
            "content_type": 10
        }
    },
    {
        "pk": 31,
        "model": "auth.permission",
        "fields": {
            "codename": "add_country",
            "name": "Can add country",
            "content_type": 11
        }
    },
    {
        "pk": 32,
        "model": "auth.permission",
        "fields": {
            "codename": "change_country",
            "name": "Can change country",
            "content_type": 11
        }
    },
    {
        "pk": 33,
        "model": "auth.permission",
        "fields": {
            "codename": "delete_country",
            "name": "Can delete country",
            "content_type": 11
        }
    },
    {
        "pk": 34,
        "model": "auth.permission",
        "fields": {
            "codename": "add_brand",
            "name": "Can add brand",
            "content_type": 12
        }
    },
    {
        "pk": 35,
        "model": "auth.permission",
        "fields": {
            "codename": "change_brand",
            "name": "Can change brand",
            "content_type": 12
        }
    },
    {
        "pk": 36,
        "model": "auth.permission",
        "fields": {
            "codename": "delete_brand",
            "name": "Can delete brand",
            "content_type": 12
        }
    },
    {
        "pk": 37,
        "model": "auth.permission",
        "fields": {
            "codename": "add_cluster",
            "name": "Can add cluster",
            "content_type": 13
        }
    },
    {
        "pk": 38,
        "model": "auth.permission",
        "fields": {
            "codename": "change_cluster",
            "name": "Can change cluster",
            "content_type": 13
        }
    },
    {
        "pk": 39,
        "model": "auth.permission",
        "fields": {
            "codename": "delete_cluster",
            "name": "Can delete cluster",
            "content_type": 13
        }
    },
    {
        "pk": 40,
        "model": "auth.permission",
        "fields": {
            "codename": "add_store",
            "name": "Can add store",
            "content_type": 14
        }
    },
    {
        "pk": 41,
        "model": "auth.permission",
        "fields": {
            "codename": "change_store",
            "name": "Can change store",
            "content_type": 14
        }
    },
    {
        "pk": 42,
        "model": "auth.permission",
        "fields": {
            "codename": "delete_store",
            "name": "Can delete store",
            "content_type": 14
        }
    },
    {
        "pk": 43,
        "model": "auth.permission",
        "fields": {
            "codename": "add_device",
            "name": "Can add device",
            "content_type": 15
        }
    },
    {
        "pk": 44,
        "model": "auth.permission",
        "fields": {
            "codename": "change_device",
            "name": "Can change device",
            "content_type": 15
        }
    },
    {
        "pk": 45,
        "model": "auth.permission",
        "fields": {
            "codename": "delete_device",
            "name": "Can delete device",
            "content_type": 15
        }
    },
    {
        "pk": 46,
        "model": "auth.permission",
        "fields": {
            "codename": "add_contenttype",
            "name": "Can add content type",
            "content_type": 16
        }
    },
    {
        "pk": 47,
        "model": "auth.permission",
        "fields": {
            "codename": "change_contenttype",
            "name": "Can change content type",
            "content_type": 16
        }
    },
    {
        "pk": 48,
        "model": "auth.permission",
        "fields": {
            "codename": "delete_contenttype",
            "name": "Can delete content type",
            "content_type": 16
        }
    },
    {
        "pk": 49,
        "model": "auth.permission",
        "fields": {
            "codename": "add_content",
            "name": "Can add content",
            "content_type": 17
        }
    },
    {
        "pk": 50,
        "model": "auth.permission",
        "fields": {
            "codename": "change_content",
            "name": "Can change content",
            "content_type": 17
        }
    },
    {
        "pk": 51,
        "model": "auth.permission",
        "fields": {
            "codename": "delete_content",
            "name": "Can delete content",
            "content_type": 17
        }
    },
    {
        "pk": 52,
        "model": "auth.permission",
        "fields": {
            "codename": "add_audio",
            "name": "Can add audio",
            "content_type": 18
        }
    },
    {
        "pk": 53,
        "model": "auth.permission",
        "fields": {
            "codename": "change_audio",
            "name": "Can change audio",
            "content_type": 18
        }
    },
    {
        "pk": 54,
        "model": "auth.permission",
        "fields": {
            "codename": "delete_audio",
            "name": "Can delete audio",
            "content_type": 18
        }
    },
    {
        "pk": 55,
        "model": "auth.permission",
        "fields": {
            "codename": "add_video",
            "name": "Can add video",
            "content_type": 19
        }
    },
    {
        "pk": 56,
        "model": "auth.permission",
        "fields": {
            "codename": "change_video",
            "name": "Can change video",
            "content_type": 19
        }
    },
    {
        "pk": 57,
        "model": "auth.permission",
        "fields": {
            "codename": "delete_video",
            "name": "Can delete video",
            "content_type": 19
        }
    },
    {
        "pk": 58,
        "model": "auth.permission",
        "fields": {
            "codename": "add_wallpaper",
            "name": "Can add wallpaper",
            "content_type": 20
        }
    },
    {
        "pk": 59,
        "model": "auth.permission",
        "fields": {
            "codename": "change_wallpaper",
            "name": "Can change wallpaper",
            "content_type": 20
        }
    },
    {
        "pk": 60,
        "model": "auth.permission",
        "fields": {
            "codename": "delete_wallpaper",
            "name": "Can delete wallpaper",
            "content_type": 20
        }
    },
    {
        "pk": 61,
        "model": "auth.permission",
        "fields": {
            "codename": "add_web",
            "name": "Can add web",
            "content_type": 21
        }
    },
    {
        "pk": 62,
        "model": "auth.permission",
        "fields": {
            "codename": "change_web",
            "name": "Can change web",
            "content_type": 21
        }
    },
    {
        "pk": 63,
        "model": "auth.permission",
        "fields": {
            "codename": "delete_web",
            "name": "Can delete web",
            "content_type": 21
        }
    },
    {
        "pk": 64,
        "model": "auth.permission",
        "fields": {
            "codename": "add_image",
            "name": "Can add image",
            "content_type": 22
        }
    },
    {
        "pk": 65,
        "model": "auth.permission",
        "fields": {
            "codename": "change_image",
            "name": "Can change image",
            "content_type": 22
        }
    },
    {
        "pk": 66,
        "model": "auth.permission",
        "fields": {
            "codename": "delete_image",
            "name": "Can delete image",
            "content_type": 22
        }
    },
    {
        "pk": 67,
        "model": "auth.permission",
        "fields": {
            "codename": "add_slideshowimage",
            "name": "Can add slide show image",
            "content_type": 23
        }
    },
    {
        "pk": 68,
        "model": "auth.permission",
        "fields": {
            "codename": "change_slideshowimage",
            "name": "Can change slide show image",
            "content_type": 23
        }
    },
    {
        "pk": 69,
        "model": "auth.permission",
        "fields": {
            "codename": "delete_slideshowimage",
            "name": "Can delete slide show image",
            "content_type": 23
        }
    },
    {
        "pk": 70,
        "model": "auth.permission",
        "fields": {
            "codename": "add_slideshow",
            "name": "Can add slide show",
            "content_type": 24
        }
    },
    {
        "pk": 71,
        "model": "auth.permission",
        "fields": {
            "codename": "change_slideshow",
            "name": "Can change slide show",
            "content_type": 24
        }
    },
    {
        "pk": 72,
        "model": "auth.permission",
        "fields": {
            "codename": "delete_slideshow",
            "name": "Can delete slide show",
            "content_type": 24
        }
    },
    {
        "pk": 73,
        "model": "auth.permission",
        "fields": {
            "codename": "add_post",
            "name": "Can add post",
            "content_type": 25
        }
    },
    {
        "pk": 74,
        "model": "auth.permission",
        "fields": {
            "codename": "change_post",
            "name": "Can change post",
            "content_type": 25
        }
    },
    {
        "pk": 75,
        "model": "auth.permission",
        "fields": {
            "codename": "delete_post",
            "name": "Can delete post",
            "content_type": 25
        }
    },
    {
        "pk": 76,
        "model": "auth.permission",
        "fields": {
            "codename": "add_slideshow",
            "name": "Can add slide show",
            "content_type": 26
        }
    },
    {
        "pk": 77,
        "model": "auth.permission",
        "fields": {
            "codename": "change_slideshow",
            "name": "Can change slide show",
            "content_type": 26
        }
    },
    {
        "pk": 78,
        "model": "auth.permission",
        "fields": {
            "codename": "delete_slideshow",
            "name": "Can delete slide show",
            "content_type": 26
        }
    },
    {
        "pk": 1,
        "model": "auth.user",
        "fields": {
            "username": "nag",
            "first_name": "",
            "last_name": "",
            "is_active": true,
            "is_superuser": true,
            "is_staff": true,
            "last_login": "2013-12-26T09:12:24.406Z",
            "groups": [],
            "user_permissions": [],
            "password": "pbkdf2_sha256$12000$r0ed8fODVf23$n+TqGqkyWkZuCw6Xk5ej7VDQBuA5ZJe7MZ7KPiNUMiQ=",
            "email": "",
            "date_joined": "2013-12-11T06:07:05.062Z"
        }
    },
    {
        "pk": 1,
        "model": "admin.logentry",
        "fields": {
            "action_flag": 1,
            "action_time": "2013-12-11T06:15:23.296Z",
            "object_repr": "Starbucks",
            "object_id": "1",
            "change_message": "",
            "user": 1,
            "content_type": 12
        }
    },
    {
        "pk": 2,
        "model": "admin.logentry",
        "fields": {
            "action_flag": 1,
            "action_time": "2013-12-11T06:15:40.658Z",
            "object_repr": "Kormangala Bangalore",
            "object_id": "1",
            "change_message": "",
            "user": 1,
            "content_type": 13
        }
    },
    {
        "pk": 3,
        "model": "admin.logentry",
        "fields": {
            "action_flag": 1,
            "action_time": "2013-12-11T06:25:06.286Z",
            "object_repr": "Starbucks Kormangala",
            "object_id": "1",
            "change_message": "",
            "user": 1,
            "content_type": 14
        }
    },
    {
        "pk": 4,
        "model": "admin.logentry",
        "fields": {
            "action_flag": 2,
            "action_time": "2013-12-11T06:30:10.367Z",
            "object_repr": "Starbucks Kormangala",
            "object_id": "1",
            "change_message": "Changed address_first_line.",
            "user": 1,
            "content_type": 14
        }
    },
    {
        "pk": 5,
        "model": "admin.logentry",
        "fields": {
            "action_flag": 1,
            "action_time": "2013-12-11T07:27:46.378Z",
            "object_repr": "Starbucks Kormangala",
            "object_id": "49",
            "change_message": "",
            "user": 1,
            "content_type": 14
        }
    },
    {
        "pk": 6,
        "model": "admin.logentry",
        "fields": {
            "action_flag": 1,
            "action_time": "2013-12-11T07:29:08.169Z",
            "object_repr": "Starbucks Kormangala",
            "object_id": "50",
            "change_message": "",
            "user": 1,
            "content_type": 14
        }
    },
    {
        "pk": 7,
        "model": "admin.logentry",
        "fields": {
            "action_flag": 1,
            "action_time": "2013-12-11T07:30:17.571Z",
            "object_repr": "Starbucks Kormangala",
            "object_id": "51",
            "change_message": "",
            "user": 1,
            "content_type": 14
        }
    },
    {
        "pk": 8,
        "model": "admin.logentry",
        "fields": {
            "action_flag": 3,
            "action_time": "2013-12-11T07:30:43.793Z",
            "object_repr": "Starbucks Kormangala",
            "object_id": "51",
            "change_message": "",
            "user": 1,
            "content_type": 14
        }
    },
    {
        "pk": 9,
        "model": "admin.logentry",
        "fields": {
            "action_flag": 3,
            "action_time": "2013-12-11T07:30:43.816Z",
            "object_repr": "Starbucks Kormangala",
            "object_id": "50",
            "change_message": "",
            "user": 1,
            "content_type": 14
        }
    },
    {
        "pk": 10,
        "model": "admin.logentry",
        "fields": {
            "action_flag": 3,
            "action_time": "2013-12-11T07:30:43.838Z",
            "object_repr": "Starbucks Kormangala",
            "object_id": "49",
            "change_message": "",
            "user": 1,
            "content_type": 14
        }
    },
    {
        "pk": 11,
        "model": "admin.logentry",
        "fields": {
            "action_flag": 1,
            "action_time": "2013-12-11T09:30:38.457Z",
            "object_repr": "Starbucks Kormangala",
            "object_id": "52",
            "change_message": "",
            "user": 1,
            "content_type": 14
        }
    },
    {
        "pk": 12,
        "model": "admin.logentry",
        "fields": {
            "action_flag": 1,
            "action_time": "2013-12-11T09:33:03.979Z",
            "object_repr": "Starbucks Kormangala",
            "object_id": "53",
            "change_message": "",
            "user": 1,
            "content_type": 14
        }
    },
    {
        "pk": 13,
        "model": "admin.logentry",
        "fields": {
            "action_flag": 3,
            "action_time": "2013-12-11T09:33:14.661Z",
            "object_repr": "Starbucks Kormangala",
            "object_id": "53",
            "change_message": "",
            "user": 1,
            "content_type": 14
        }
    },
    {
        "pk": 14,
        "model": "admin.logentry",
        "fields": {
            "action_flag": 3,
            "action_time": "2013-12-11T09:33:14.679Z",
            "object_repr": "Starbucks Kormangala",
            "object_id": "52",
            "change_message": "",
            "user": 1,
            "content_type": 14
        }
    },
    {
        "pk": 15,
        "model": "admin.logentry",
        "fields": {
            "action_flag": 1,
            "action_time": "2013-12-11T09:34:06.378Z",
            "object_repr": "Starbucks Kormangala",
            "object_id": "54",
            "change_message": "",
            "user": 1,
            "content_type": 14
        }
    },
    {
        "pk": 16,
        "model": "admin.logentry",
        "fields": {
            "action_flag": 1,
            "action_time": "2013-12-11T09:39:29.355Z",
            "object_repr": "Naturals",
            "object_id": "2",
            "change_message": "",
            "user": 1,
            "content_type": 12
        }
    },
    {
        "pk": 17,
        "model": "admin.logentry",
        "fields": {
            "action_flag": 1,
            "action_time": "2013-12-11T09:39:34.906Z",
            "object_repr": "Naturals Kormangala",
            "object_id": "55",
            "change_message": "",
            "user": 1,
            "content_type": 14
        }
    },
    {
        "pk": 18,
        "model": "admin.logentry",
        "fields": {
            "action_flag": 1,
            "action_time": "2013-12-11T09:41:13.014Z",
            "object_repr": "Sapna",
            "object_id": "3",
            "change_message": "",
            "user": 1,
            "content_type": 12
        }
    },
    {
        "pk": 19,
        "model": "admin.logentry",
        "fields": {
            "action_flag": 1,
            "action_time": "2013-12-11T09:41:18.282Z",
            "object_repr": "Sapna Kormangala",
            "object_id": "56",
            "change_message": "",
            "user": 1,
            "content_type": 14
        }
    },
    {
        "pk": 20,
        "model": "admin.logentry",
        "fields": {
            "action_flag": 1,
            "action_time": "2013-12-11T09:43:10.525Z",
            "object_repr": "P N Rao",
            "object_id": "4",
            "change_message": "",
            "user": 1,
            "content_type": 12
        }
    },
    {
        "pk": 21,
        "model": "admin.logentry",
        "fields": {
            "action_flag": 1,
            "action_time": "2013-12-11T09:43:15.465Z",
            "object_repr": "P N Rao Kormangala",
            "object_id": "57",
            "change_message": "",
            "user": 1,
            "content_type": 14
        }
    },
    {
        "pk": 22,
        "model": "admin.logentry",
        "fields": {
            "action_flag": 1,
            "action_time": "2013-12-11T09:48:27.598Z",
            "object_repr": "Wallpaper",
            "object_id": "1",
            "change_message": "",
            "user": 1,
            "content_type": 16
        }
    },
    {
        "pk": 23,
        "model": "admin.logentry",
        "fields": {
            "action_flag": 1,
            "action_time": "2013-12-11T09:49:26.054Z",
            "object_repr": "Starbucks wall 1",
            "object_id": "1",
            "change_message": "",
            "user": 1,
            "content_type": 20
        }
    },
    {
        "pk": 24,
        "model": "admin.logentry",
        "fields": {
            "action_flag": 1,
            "action_time": "2013-12-11T09:50:01.077Z",
            "object_repr": "Starbucks wall 2",
            "object_id": "2",
            "change_message": "",
            "user": 1,
            "content_type": 20
        }
    },
    {
        "pk": 25,
        "model": "admin.logentry",
        "fields": {
            "action_flag": 1,
            "action_time": "2013-12-11T09:50:32.394Z",
            "object_repr": "Starbucks wall 3",
            "object_id": "3",
            "change_message": "",
            "user": 1,
            "content_type": 20
        }
    },
    {
        "pk": 26,
        "model": "admin.logentry",
        "fields": {
            "action_flag": 1,
            "action_time": "2013-12-11T09:51:08.139Z",
            "object_repr": "Starbucks wall 4",
            "object_id": "4",
            "change_message": "",
            "user": 1,
            "content_type": 20
        }
    },
    {
        "pk": 27,
        "model": "admin.logentry",
        "fields": {
            "action_flag": 1,
            "action_time": "2013-12-11T09:51:47.110Z",
            "object_repr": "Naturals wall 1",
            "object_id": "5",
            "change_message": "",
            "user": 1,
            "content_type": 20
        }
    },
    {
        "pk": 28,
        "model": "admin.logentry",
        "fields": {
            "action_flag": 1,
            "action_time": "2013-12-11T09:52:12.633Z",
            "object_repr": "Naturals wall 2",
            "object_id": "6",
            "change_message": "",
            "user": 1,
            "content_type": 20
        }
    },
    {
        "pk": 29,
        "model": "admin.logentry",
        "fields": {
            "action_flag": 1,
            "action_time": "2013-12-11T09:52:41.706Z",
            "object_repr": "Naturals wall 3",
            "object_id": "7",
            "change_message": "",
            "user": 1,
            "content_type": 20
        }
    },
    {
        "pk": 30,
        "model": "admin.logentry",
        "fields": {
            "action_flag": 1,
            "action_time": "2013-12-11T09:53:31.685Z",
            "object_repr": "Sapna wall",
            "object_id": "8",
            "change_message": "",
            "user": 1,
            "content_type": 20
        }
    },
    {
        "pk": 31,
        "model": "admin.logentry",
        "fields": {
            "action_flag": 1,
            "action_time": "2013-12-11T09:54:05.591Z",
            "object_repr": "Sapna wall 2",
            "object_id": "9",
            "change_message": "",
            "user": 1,
            "content_type": 20
        }
    },
    {
        "pk": 32,
        "model": "admin.logentry",
        "fields": {
            "action_flag": 1,
            "action_time": "2013-12-11T09:54:37.725Z",
            "object_repr": "Sapna wall 3",
            "object_id": "10",
            "change_message": "",
            "user": 1,
            "content_type": 20
        }
    },
    {
        "pk": 33,
        "model": "admin.logentry",
        "fields": {
            "action_flag": 1,
            "action_time": "2013-12-11T09:55:09.196Z",
            "object_repr": "PN Rao wall 1",
            "object_id": "11",
            "change_message": "",
            "user": 1,
            "content_type": 20
        }
    },
    {
        "pk": 34,
        "model": "admin.logentry",
        "fields": {
            "action_flag": 1,
            "action_time": "2013-12-11T09:55:34.791Z",
            "object_repr": "PN Rao wall 2",
            "object_id": "12",
            "change_message": "",
            "user": 1,
            "content_type": 20
        }
    },
    {
        "pk": 35,
        "model": "admin.logentry",
        "fields": {
            "action_flag": 1,
            "action_time": "2013-12-11T09:56:44.838Z",
            "object_repr": "PN Rao wall 3",
            "object_id": "13",
            "change_message": "",
            "user": 1,
            "content_type": 20
        }
    },
    {
        "pk": 36,
        "model": "admin.logentry",
        "fields": {
            "action_flag": 2,
            "action_time": "2013-12-11T11:15:23.421Z",
            "object_repr": "P N Rao Kormangala",
            "object_id": "57",
            "change_message": "No fields changed.",
            "user": 1,
            "content_type": 14
        }
    },
    {
        "pk": 37,
        "model": "admin.logentry",
        "fields": {
            "action_flag": 2,
            "action_time": "2013-12-11T11:15:30.213Z",
            "object_repr": "Sapna Kormangala",
            "object_id": "56",
            "change_message": "No fields changed.",
            "user": 1,
            "content_type": 14
        }
    },
    {
        "pk": 38,
        "model": "admin.logentry",
        "fields": {
            "action_flag": 2,
            "action_time": "2013-12-11T11:15:40.725Z",
            "object_repr": "Naturals Kormangala",
            "object_id": "55",
            "change_message": "No fields changed.",
            "user": 1,
            "content_type": 14
        }
    },
    {
        "pk": 39,
        "model": "admin.logentry",
        "fields": {
            "action_flag": 2,
            "action_time": "2013-12-11T11:15:54.619Z",
            "object_repr": "Starbucks Kormangala",
            "object_id": "54",
            "change_message": "No fields changed.",
            "user": 1,
            "content_type": 14
        }
    },
    {
        "pk": 40,
        "model": "admin.logentry",
        "fields": {
            "action_flag": 2,
            "action_time": "2013-12-12T05:25:46.311Z",
            "object_repr": "P N Rao Kormangala",
            "object_id": "57",
            "change_message": "No fields changed.",
            "user": 1,
            "content_type": 14
        }
    },
    {
        "pk": 41,
        "model": "admin.logentry",
        "fields": {
            "action_flag": 2,
            "action_time": "2013-12-12T05:26:09.661Z",
            "object_repr": "Sapna Kormangala",
            "object_id": "56",
            "change_message": "No fields changed.",
            "user": 1,
            "content_type": 14
        }
    },
    {
        "pk": 42,
        "model": "admin.logentry",
        "fields": {
            "action_flag": 2,
            "action_time": "2013-12-12T05:26:35.742Z",
            "object_repr": "Naturals Kormangala",
            "object_id": "55",
            "change_message": "No fields changed.",
            "user": 1,
            "content_type": 14
        }
    },
    {
        "pk": 43,
        "model": "admin.logentry",
        "fields": {
            "action_flag": 2,
            "action_time": "2013-12-12T05:26:56.174Z",
            "object_repr": "Naturals Kormangala",
            "object_id": "55",
            "change_message": "No fields changed.",
            "user": 1,
            "content_type": 14
        }
    },
    {
        "pk": 44,
        "model": "admin.logentry",
        "fields": {
            "action_flag": 2,
            "action_time": "2013-12-12T05:27:07.393Z",
            "object_repr": "Starbucks Kormangala",
            "object_id": "54",
            "change_message": "No fields changed.",
            "user": 1,
            "content_type": 14
        }
    },
    {
        "pk": 45,
        "model": "admin.logentry",
        "fields": {
            "action_flag": 1,
            "action_time": "2013-12-12T05:28:54.890Z",
            "object_repr": "Slide Show",
            "object_id": "2",
            "change_message": "",
            "user": 1,
            "content_type": 16
        }
    },
    {
        "pk": 46,
        "model": "admin.logentry",
        "fields": {
            "action_flag": 1,
            "action_time": "2013-12-12T05:33:48.783Z",
            "object_repr": "Hazard",
            "object_id": "1",
            "change_message": "",
            "user": 1,
            "content_type": 22
        }
    },
    {
        "pk": 47,
        "model": "admin.logentry",
        "fields": {
            "action_flag": 1,
            "action_time": "2013-12-12T05:34:30.077Z",
            "object_repr": "Mata",
            "object_id": "2",
            "change_message": "",
            "user": 1,
            "content_type": 22
        }
    },
    {
        "pk": 48,
        "model": "admin.logentry",
        "fields": {
            "action_flag": 1,
            "action_time": "2013-12-12T05:35:38.571Z",
            "object_repr": "Torres",
            "object_id": "3",
            "change_message": "",
            "user": 1,
            "content_type": 22
        }
    },
    {
        "pk": 49,
        "model": "admin.logentry",
        "fields": {
            "action_flag": 1,
            "action_time": "2013-12-12T05:36:02.716Z",
            "object_repr": "Oscar",
            "object_id": "4",
            "change_message": "",
            "user": 1,
            "content_type": 22
        }
    },
    {
        "pk": 50,
        "model": "admin.logentry",
        "fields": {
            "action_flag": 1,
            "action_time": "2013-12-12T05:36:30.952Z",
            "object_repr": "Team Celebration",
            "object_id": "5",
            "change_message": "",
            "user": 1,
            "content_type": 22
        }
    },
    {
        "pk": 51,
        "model": "admin.logentry",
        "fields": {
            "action_flag": 1,
            "action_time": "2013-12-12T05:36:37.514Z",
            "object_repr": "Some slideshow 1",
            "object_id": "14",
            "change_message": "",
            "user": 1,
            "content_type": 24
        }
    },
    {
        "pk": 52,
        "model": "admin.logentry",
        "fields": {
            "action_flag": 1,
            "action_time": "2013-12-12T12:45:16.324Z",
            "object_repr": "Video",
            "object_id": "3",
            "change_message": "",
            "user": 1,
            "content_type": 16
        }
    },
    {
        "pk": 53,
        "model": "admin.logentry",
        "fields": {
            "action_flag": 1,
            "action_time": "2013-12-12T12:46:29.876Z",
            "object_repr": "Some vid",
            "object_id": "15",
            "change_message": "",
            "user": 1,
            "content_type": 19
        }
    },
    {
        "pk": 54,
        "model": "admin.logentry",
        "fields": {
            "action_flag": 1,
            "action_time": "2013-12-16T06:54:01.940Z",
            "object_repr": "Post object",
            "object_id": "1",
            "change_message": "",
            "user": 1,
            "content_type": 25
        }
    },
    {
        "pk": 55,
        "model": "admin.logentry",
        "fields": {
            "action_flag": 2,
            "action_time": "2013-12-18T12:01:10.355Z",
            "object_repr": "P N Rao Kormangala",
            "object_id": "57",
            "change_message": "No fields changed.",
            "user": 1,
            "content_type": 14
        }
    },
    {
        "pk": 56,
        "model": "admin.logentry",
        "fields": {
            "action_flag": 2,
            "action_time": "2013-12-18T12:01:17.233Z",
            "object_repr": "Sapna Kormangala",
            "object_id": "56",
            "change_message": "No fields changed.",
            "user": 1,
            "content_type": 14
        }
    },
    {
        "pk": 57,
        "model": "admin.logentry",
        "fields": {
            "action_flag": 2,
            "action_time": "2013-12-18T12:01:22.190Z",
            "object_repr": "Naturals Kormangala",
            "object_id": "55",
            "change_message": "No fields changed.",
            "user": 1,
            "content_type": 14
        }
    },
    {
        "pk": 58,
        "model": "admin.logentry",
        "fields": {
            "action_flag": 2,
            "action_time": "2013-12-18T12:01:27.553Z",
            "object_repr": "Starbucks Kormangala",
            "object_id": "54",
            "change_message": "No fields changed.",
            "user": 1,
            "content_type": 14
        }
    },
    {
        "pk": 59,
        "model": "admin.logentry",
        "fields": {
            "action_flag": 2,
            "action_time": "2013-12-18T12:05:16.662Z",
            "object_repr": "Starbucks wall 1",
            "object_id": "1",
            "change_message": "Changed thumbnail.",
            "user": 1,
            "content_type": 20
        }
    },
    {
        "pk": 60,
        "model": "admin.logentry",
        "fields": {
            "action_flag": 2,
            "action_time": "2013-12-18T12:05:34.252Z",
            "object_repr": "Starbucks wall 2",
            "object_id": "2",
            "change_message": "Changed thumbnail and file.",
            "user": 1,
            "content_type": 20
        }
    },
    {
        "pk": 61,
        "model": "admin.logentry",
        "fields": {
            "action_flag": 2,
            "action_time": "2013-12-18T12:05:51.718Z",
            "object_repr": "Starbucks wall 1",
            "object_id": "1",
            "change_message": "Changed thumbnail and file.",
            "user": 1,
            "content_type": 20
        }
    },
    {
        "pk": 62,
        "model": "admin.logentry",
        "fields": {
            "action_flag": 2,
            "action_time": "2013-12-18T12:06:09.901Z",
            "object_repr": "Starbucks wall 3",
            "object_id": "3",
            "change_message": "Changed thumbnail and file.",
            "user": 1,
            "content_type": 20
        }
    },
    {
        "pk": 63,
        "model": "admin.logentry",
        "fields": {
            "action_flag": 2,
            "action_time": "2013-12-18T12:06:27.165Z",
            "object_repr": "Starbucks wall 4",
            "object_id": "4",
            "change_message": "Changed thumbnail and file.",
            "user": 1,
            "content_type": 20
        }
    },
    {
        "pk": 64,
        "model": "admin.logentry",
        "fields": {
            "action_flag": 2,
            "action_time": "2013-12-18T12:06:44.856Z",
            "object_repr": "Naturals wall 1",
            "object_id": "5",
            "change_message": "Changed thumbnail and file.",
            "user": 1,
            "content_type": 20
        }
    },
    {
        "pk": 65,
        "model": "admin.logentry",
        "fields": {
            "action_flag": 2,
            "action_time": "2013-12-18T12:07:00.551Z",
            "object_repr": "Naturals wall 2",
            "object_id": "6",
            "change_message": "Changed thumbnail and file.",
            "user": 1,
            "content_type": 20
        }
    },
    {
        "pk": 66,
        "model": "admin.logentry",
        "fields": {
            "action_flag": 2,
            "action_time": "2013-12-18T12:07:20.188Z",
            "object_repr": "Naturals wall 3",
            "object_id": "7",
            "change_message": "Changed thumbnail and file.",
            "user": 1,
            "content_type": 20
        }
    },
    {
        "pk": 67,
        "model": "admin.logentry",
        "fields": {
            "action_flag": 2,
            "action_time": "2013-12-18T12:08:07.232Z",
            "object_repr": "Sapna wall",
            "object_id": "8",
            "change_message": "Changed thumbnail and file.",
            "user": 1,
            "content_type": 20
        }
    },
    {
        "pk": 68,
        "model": "admin.logentry",
        "fields": {
            "action_flag": 2,
            "action_time": "2013-12-18T12:08:23.528Z",
            "object_repr": "Sapna wall 2",
            "object_id": "9",
            "change_message": "Changed thumbnail and file.",
            "user": 1,
            "content_type": 20
        }
    },
    {
        "pk": 69,
        "model": "admin.logentry",
        "fields": {
            "action_flag": 2,
            "action_time": "2013-12-18T12:08:43.613Z",
            "object_repr": "Sapna wall 3",
            "object_id": "10",
            "change_message": "Changed thumbnail and file.",
            "user": 1,
            "content_type": 20
        }
    },
    {
        "pk": 70,
        "model": "admin.logentry",
        "fields": {
            "action_flag": 2,
            "action_time": "2013-12-18T12:09:02.717Z",
            "object_repr": "PN Rao wall 1",
            "object_id": "11",
            "change_message": "Changed thumbnail and file.",
            "user": 1,
            "content_type": 20
        }
    },
    {
        "pk": 71,
        "model": "admin.logentry",
        "fields": {
            "action_flag": 2,
            "action_time": "2013-12-18T12:09:47.718Z",
            "object_repr": "PN Rao wall 2",
            "object_id": "12",
            "change_message": "Changed thumbnail and file.",
            "user": 1,
            "content_type": 20
        }
    },
    {
        "pk": 72,
        "model": "admin.logentry",
        "fields": {
            "action_flag": 2,
            "action_time": "2013-12-18T12:10:05.951Z",
            "object_repr": "PN Rao wall 3",
            "object_id": "13",
            "change_message": "Changed thumbnail and file.",
            "user": 1,
            "content_type": 20
        }
    },
    {
        "pk": 73,
        "model": "admin.logentry",
        "fields": {
            "action_flag": 2,
            "action_time": "2013-12-18T12:12:06.114Z",
            "object_repr": "Some vid",
            "object_id": "15",
            "change_message": "Changed short_description, thumbnail, store and file.",
            "user": 1,
            "content_type": 19
        }
    },
    {
        "pk": 74,
        "model": "admin.logentry",
        "fields": {
            "action_flag": 2,
            "action_time": "2013-12-18T12:13:26.106Z",
            "object_repr": "Team Celebration",
            "object_id": "5",
            "change_message": "Changed image.",
            "user": 1,
            "content_type": 22
        }
    },
    {
        "pk": 75,
        "model": "admin.logentry",
        "fields": {
            "action_flag": 2,
            "action_time": "2013-12-18T12:13:33.279Z",
            "object_repr": "Oscar",
            "object_id": "4",
            "change_message": "Changed image.",
            "user": 1,
            "content_type": 22
        }
    },
    {
        "pk": 76,
        "model": "admin.logentry",
        "fields": {
            "action_flag": 2,
            "action_time": "2013-12-18T12:13:41.350Z",
            "object_repr": "Torres",
            "object_id": "3",
            "change_message": "Changed image.",
            "user": 1,
            "content_type": 22
        }
    },
    {
        "pk": 77,
        "model": "admin.logentry",
        "fields": {
            "action_flag": 2,
            "action_time": "2013-12-18T12:13:48.087Z",
            "object_repr": "Mata",
            "object_id": "2",
            "change_message": "Changed image.",
            "user": 1,
            "content_type": 22
        }
    },
    {
        "pk": 78,
        "model": "admin.logentry",
        "fields": {
            "action_flag": 2,
            "action_time": "2013-12-18T12:13:55.345Z",
            "object_repr": "Hazard",
            "object_id": "1",
            "change_message": "Changed image.",
            "user": 1,
            "content_type": 22
        }
    },
    {
        "pk": 79,
        "model": "admin.logentry",
        "fields": {
            "action_flag": 2,
            "action_time": "2013-12-18T12:16:41.276Z",
            "object_repr": "P N Rao",
            "object_id": "4",
            "change_message": "Changed logo.",
            "user": 1,
            "content_type": 12
        }
    },
    {
        "pk": 80,
        "model": "admin.logentry",
        "fields": {
            "action_flag": 2,
            "action_time": "2013-12-18T12:16:51.912Z",
            "object_repr": "Sapna",
            "object_id": "3",
            "change_message": "Changed logo.",
            "user": 1,
            "content_type": 12
        }
    },
    {
        "pk": 81,
        "model": "admin.logentry",
        "fields": {
            "action_flag": 2,
            "action_time": "2013-12-18T12:17:02.746Z",
            "object_repr": "Naturals",
            "object_id": "2",
            "change_message": "Changed logo.",
            "user": 1,
            "content_type": 12
        }
    },
    {
        "pk": 82,
        "model": "admin.logentry",
        "fields": {
            "action_flag": 2,
            "action_time": "2013-12-18T12:17:11.119Z",
            "object_repr": "Starbucks",
            "object_id": "1",
            "change_message": "Changed logo.",
            "user": 1,
            "content_type": 12
        }
    },
    {
        "pk": 83,
        "model": "admin.logentry",
        "fields": {
            "action_flag": 2,
            "action_time": "2013-12-18T12:25:02.785Z",
            "object_repr": "P N Rao",
            "object_id": "4",
            "change_message": "Changed logo.",
            "user": 1,
            "content_type": 12
        }
    },
    {
        "pk": 84,
        "model": "admin.logentry",
        "fields": {
            "action_flag": 2,
            "action_time": "2013-12-18T12:25:12.141Z",
            "object_repr": "Sapna",
            "object_id": "3",
            "change_message": "Changed logo.",
            "user": 1,
            "content_type": 12
        }
    },
    {
        "pk": 85,
        "model": "admin.logentry",
        "fields": {
            "action_flag": 2,
            "action_time": "2013-12-18T12:25:21.346Z",
            "object_repr": "Naturals",
            "object_id": "2",
            "change_message": "Changed logo.",
            "user": 1,
            "content_type": 12
        }
    },
    {
        "pk": 86,
        "model": "admin.logentry",
        "fields": {
            "action_flag": 2,
            "action_time": "2013-12-18T12:25:28.328Z",
            "object_repr": "Starbucks",
            "object_id": "1",
            "change_message": "Changed logo.",
            "user": 1,
            "content_type": 12
        }
    },
    {
        "pk": 87,
        "model": "admin.logentry",
        "fields": {
            "action_flag": 2,
            "action_time": "2013-12-18T12:26:31.358Z",
            "object_repr": "Starbucks wall 1",
            "object_id": "1",
            "change_message": "Changed thumbnail and file.",
            "user": 1,
            "content_type": 20
        }
    },
    {
        "pk": 88,
        "model": "admin.logentry",
        "fields": {
            "action_flag": 2,
            "action_time": "2013-12-18T12:26:43.658Z",
            "object_repr": "Starbucks wall 2",
            "object_id": "2",
            "change_message": "Changed thumbnail and file.",
            "user": 1,
            "content_type": 20
        }
    },
    {
        "pk": 89,
        "model": "admin.logentry",
        "fields": {
            "action_flag": 2,
            "action_time": "2013-12-18T12:27:02.908Z",
            "object_repr": "Starbucks wall 3",
            "object_id": "3",
            "change_message": "Changed thumbnail and file.",
            "user": 1,
            "content_type": 20
        }
    },
    {
        "pk": 90,
        "model": "admin.logentry",
        "fields": {
            "action_flag": 2,
            "action_time": "2013-12-18T12:27:17.283Z",
            "object_repr": "Starbucks wall 4",
            "object_id": "4",
            "change_message": "Changed thumbnail and file.",
            "user": 1,
            "content_type": 20
        }
    },
    {
        "pk": 91,
        "model": "admin.logentry",
        "fields": {
            "action_flag": 2,
            "action_time": "2013-12-18T12:27:32.073Z",
            "object_repr": "Naturals wall 1",
            "object_id": "5",
            "change_message": "Changed thumbnail and file.",
            "user": 1,
            "content_type": 20
        }
    },
    {
        "pk": 92,
        "model": "admin.logentry",
        "fields": {
            "action_flag": 2,
            "action_time": "2013-12-18T12:27:50.706Z",
            "object_repr": "Naturals wall 2",
            "object_id": "6",
            "change_message": "Changed thumbnail and file.",
            "user": 1,
            "content_type": 20
        }
    },
    {
        "pk": 93,
        "model": "admin.logentry",
        "fields": {
            "action_flag": 2,
            "action_time": "2013-12-18T12:28:07.206Z",
            "object_repr": "Naturals wall 3",
            "object_id": "7",
            "change_message": "Changed thumbnail and file.",
            "user": 1,
            "content_type": 20
        }
    },
    {
        "pk": 94,
        "model": "admin.logentry",
        "fields": {
            "action_flag": 2,
            "action_time": "2013-12-18T12:28:21.994Z",
            "object_repr": "Sapna wall",
            "object_id": "8",
            "change_message": "Changed thumbnail and file.",
            "user": 1,
            "content_type": 20
        }
    },
    {
        "pk": 95,
        "model": "admin.logentry",
        "fields": {
            "action_flag": 2,
            "action_time": "2013-12-18T12:28:39.038Z",
            "object_repr": "Sapna wall 2",
            "object_id": "9",
            "change_message": "Changed thumbnail and file.",
            "user": 1,
            "content_type": 20
        }
    },
    {
        "pk": 96,
        "model": "admin.logentry",
        "fields": {
            "action_flag": 2,
            "action_time": "2013-12-18T12:28:52.548Z",
            "object_repr": "Sapna wall 3",
            "object_id": "10",
            "change_message": "Changed thumbnail and file.",
            "user": 1,
            "content_type": 20
        }
    },
    {
        "pk": 97,
        "model": "admin.logentry",
        "fields": {
            "action_flag": 2,
            "action_time": "2013-12-18T12:29:09.006Z",
            "object_repr": "PN Rao wall 1",
            "object_id": "11",
            "change_message": "Changed thumbnail and file.",
            "user": 1,
            "content_type": 20
        }
    },
    {
        "pk": 98,
        "model": "admin.logentry",
        "fields": {
            "action_flag": 2,
            "action_time": "2013-12-18T12:29:21.526Z",
            "object_repr": "PN Rao wall 2",
            "object_id": "12",
            "change_message": "Changed thumbnail and file.",
            "user": 1,
            "content_type": 20
        }
    },
    {
        "pk": 99,
        "model": "admin.logentry",
        "fields": {
            "action_flag": 2,
            "action_time": "2013-12-18T12:29:36.572Z",
            "object_repr": "PN Rao wall 3",
            "object_id": "13",
            "change_message": "Changed thumbnail and file.",
            "user": 1,
            "content_type": 20
        }
    },
    {
        "pk": 100,
        "model": "admin.logentry",
        "fields": {
            "action_flag": 2,
            "action_time": "2013-12-19T05:47:55.376Z",
            "object_repr": "Some slideshow 1",
            "object_id": "14",
            "change_message": "Changed thumbnail.",
            "user": 1,
            "content_type": 24
        }
    },
    {
        "pk": 101,
        "model": "admin.logentry",
        "fields": {
            "action_flag": 2,
            "action_time": "2013-12-20T10:37:35.185Z",
            "object_repr": "P N Rao Kormangala",
            "object_id": "57",
            "change_message": "Changed slug_name.",
            "user": 1,
            "content_type": 14
        }
    },
    {
        "pk": 102,
        "model": "admin.logentry",
        "fields": {
            "action_flag": 2,
            "action_time": "2013-12-20T10:37:49.441Z",
            "object_repr": "Sapna Kormangala",
            "object_id": "56",
            "change_message": "Changed slug_name.",
            "user": 1,
            "content_type": 14
        }
    },
    {
        "pk": 103,
        "model": "admin.logentry",
        "fields": {
            "action_flag": 2,
            "action_time": "2013-12-20T10:38:01.428Z",
            "object_repr": "Naturals Kormangala",
            "object_id": "55",
            "change_message": "Changed slug_name.",
            "user": 1,
            "content_type": 14
        }
    },
    {
        "pk": 104,
        "model": "admin.logentry",
        "fields": {
            "action_flag": 2,
            "action_time": "2013-12-20T10:38:09.790Z",
            "object_repr": "Starbucks Kormangala",
            "object_id": "54",
            "change_message": "Changed slug_name.",
            "user": 1,
            "content_type": 14
        }
    },
    {
        "pk": 105,
        "model": "admin.logentry",
        "fields": {
            "action_flag": 2,
            "action_time": "2013-12-26T09:13:26.420Z",
            "object_repr": "P N Rao",
            "object_id": "4",
            "change_message": "Changed logo.",
            "user": 1,
            "content_type": 12
        }
    },
    {
        "pk": 106,
        "model": "admin.logentry",
        "fields": {
            "action_flag": 2,
            "action_time": "2013-12-26T09:13:44.151Z",
            "object_repr": "Sapna",
            "object_id": "3",
            "change_message": "Changed logo.",
            "user": 1,
            "content_type": 12
        }
    },
    {
        "pk": 107,
        "model": "admin.logentry",
        "fields": {
            "action_flag": 2,
            "action_time": "2013-12-26T09:14:08.417Z",
            "object_repr": "Naturals",
            "object_id": "2",
            "change_message": "Changed logo.",
            "user": 1,
            "content_type": 12
        }
    },
    {
        "pk": 108,
        "model": "admin.logentry",
        "fields": {
            "action_flag": 1,
            "action_time": "2013-12-26T09:19:38.353Z",
            "object_repr": "Audio",
            "object_id": "4",
            "change_message": "",
            "user": 1,
            "content_type": 17
        }
    },
    {
        "pk": 109,
        "model": "admin.logentry",
        "fields": {
            "action_flag": 1,
            "action_time": "2013-12-26T09:19:55.389Z",
            "object_repr": "My heart goes on",
            "object_id": "16",
            "change_message": "",
            "user": 1,
            "content_type": 19
        }
    },
    {
        "pk": 110,
        "model": "admin.logentry",
        "fields": {
            "action_flag": 2,
            "action_time": "2013-12-26T09:31:35.890Z",
            "object_repr": "P N Rao Kormangala",
            "object_id": "57",
            "change_message": "Added device \"121\".",
            "user": 1,
            "content_type": 14
        }
    },
    {
        "pk": 111,
        "model": "admin.logentry",
        "fields": {
            "action_flag": 2,
            "action_time": "2013-12-26T09:31:41.846Z",
            "object_repr": "Sapna Kormangala",
            "object_id": "56",
            "change_message": "No fields changed.",
            "user": 1,
            "content_type": 14
        }
    },
    {
        "pk": 112,
        "model": "admin.logentry",
        "fields": {
            "action_flag": 2,
            "action_time": "2013-12-26T09:31:45.437Z",
            "object_repr": "Naturals Kormangala",
            "object_id": "55",
            "change_message": "No fields changed.",
            "user": 1,
            "content_type": 14
        }
    },
    {
        "pk": 113,
        "model": "admin.logentry",
        "fields": {
            "action_flag": 2,
            "action_time": "2013-12-26T09:31:49.511Z",
            "object_repr": "Starbucks Kormangala",
            "object_id": "54",
            "change_message": "No fields changed.",
            "user": 1,
            "content_type": 14
        }
    },
    {
        "pk": 114,
        "model": "admin.logentry",
        "fields": {
            "action_flag": 2,
            "action_time": "2013-12-26T09:32:11.505Z",
            "object_repr": "P N Rao Kormangala",
            "object_id": "57",
            "change_message": "No fields changed.",
            "user": 1,
            "content_type": 14
        }
    },
    {
        "pk": 115,
        "model": "admin.logentry",
        "fields": {
            "action_flag": 2,
            "action_time": "2013-12-26T09:32:19.489Z",
            "object_repr": "Sapna Kormangala",
            "object_id": "56",
            "change_message": "No fields changed.",
            "user": 1,
            "content_type": 14
        }
    },
    {
        "pk": 116,
        "model": "admin.logentry",
        "fields": {
            "action_flag": 2,
            "action_time": "2013-12-26T09:32:23.903Z",
            "object_repr": "Naturals Kormangala",
            "object_id": "55",
            "change_message": "No fields changed.",
            "user": 1,
            "content_type": 14
        }
    },
    {
        "pk": 117,
        "model": "admin.logentry",
        "fields": {
            "action_flag": 2,
            "action_time": "2013-12-26T09:32:28.524Z",
            "object_repr": "Starbucks Kormangala",
            "object_id": "54",
            "change_message": "No fields changed.",
            "user": 1,
            "content_type": 14
        }
    },
    {
        "pk": 118,
        "model": "admin.logentry",
        "fields": {
            "action_flag": 2,
            "action_time": "2013-12-26T09:36:00.997Z",
            "object_repr": "Starbucks",
            "object_id": "1",
            "change_message": "No fields changed.",
            "user": 1,
            "content_type": 12
        }
    },
    {
        "pk": 119,
        "model": "admin.logentry",
        "fields": {
            "action_flag": 2,
            "action_time": "2013-12-26T09:36:14.197Z",
            "object_repr": "Starbucks",
            "object_id": "1",
            "change_message": "Changed logo.",
            "user": 1,
            "content_type": 12
        }
    },
    {
        "pk": 120,
        "model": "admin.logentry",
        "fields": {
            "action_flag": 2,
            "action_time": "2013-12-26T09:44:31.538Z",
            "object_repr": "Team Celebration",
            "object_id": "5",
            "change_message": "Changed image.",
            "user": 1,
            "content_type": 24
        }
    },
    {
        "pk": 121,
        "model": "admin.logentry",
        "fields": {
            "action_flag": 2,
            "action_time": "2013-12-26T09:44:38.721Z",
            "object_repr": "Oscar",
            "object_id": "4",
            "change_message": "Changed image.",
            "user": 1,
            "content_type": 24
        }
    },
    {
        "pk": 122,
        "model": "admin.logentry",
        "fields": {
            "action_flag": 2,
            "action_time": "2013-12-26T09:44:46.258Z",
            "object_repr": "Torres",
            "object_id": "3",
            "change_message": "Changed image.",
            "user": 1,
            "content_type": 24
        }
    },
    {
        "pk": 123,
        "model": "admin.logentry",
        "fields": {
            "action_flag": 2,
            "action_time": "2013-12-26T09:45:19.626Z",
            "object_repr": "Mata",
            "object_id": "2",
            "change_message": "Changed image.",
            "user": 1,
            "content_type": 24
        }
    },
    {
        "pk": 124,
        "model": "admin.logentry",
        "fields": {
            "action_flag": 2,
            "action_time": "2013-12-26T09:45:35.183Z",
            "object_repr": "Hazard",
            "object_id": "1",
            "change_message": "Changed image.",
            "user": 1,
            "content_type": 24
        }
    },
    {
        "pk": 125,
        "model": "admin.logentry",
        "fields": {
            "action_flag": 2,
            "action_time": "2013-12-26T09:46:07.049Z",
            "object_repr": "Some slideshow 1",
            "object_id": "14",
            "change_message": "Changed thumbnail.",
            "user": 1,
            "content_type": 26
        }
    },
    {
        "pk": 126,
        "model": "admin.logentry",
        "fields": {
            "action_flag": 2,
            "action_time": "2013-12-26T09:46:52.123Z",
            "object_repr": "Some vid",
            "object_id": "15",
            "change_message": "Changed thumbnail and file.",
            "user": 1,
            "content_type": 20
        }
    },
    {
        "pk": 127,
        "model": "admin.logentry",
        "fields": {
            "action_flag": 2,
            "action_time": "2013-12-26T09:47:56.767Z",
            "object_repr": "PN Rao wall 1",
            "object_id": "11",
            "change_message": "Changed thumbnail and file.",
            "user": 1,
            "content_type": 21
        }
    },
    {
        "pk": 128,
        "model": "admin.logentry",
        "fields": {
            "action_flag": 2,
            "action_time": "2013-12-26T09:48:09.751Z",
            "object_repr": "PN Rao wall 2",
            "object_id": "12",
            "change_message": "Changed thumbnail and file.",
            "user": 1,
            "content_type": 21
        }
    },
    {
        "pk": 129,
        "model": "admin.logentry",
        "fields": {
            "action_flag": 2,
            "action_time": "2013-12-26T09:48:25.263Z",
            "object_repr": "PN Rao wall 3",
            "object_id": "13",
            "change_message": "Changed thumbnail and file.",
            "user": 1,
            "content_type": 21
        }
    },
    {
        "pk": 130,
        "model": "admin.logentry",
        "fields": {
            "action_flag": 2,
            "action_time": "2013-12-26T09:48:44.220Z",
            "object_repr": "Sapna wall 3",
            "object_id": "10",
            "change_message": "Changed thumbnail and file.",
            "user": 1,
            "content_type": 21
        }
    },
    {
        "pk": 131,
        "model": "admin.logentry",
        "fields": {
            "action_flag": 2,
            "action_time": "2013-12-26T09:49:03.950Z",
            "object_repr": "Sapna wall 2",
            "object_id": "9",
            "change_message": "Changed thumbnail and file.",
            "user": 1,
            "content_type": 21
        }
    },
    {
        "pk": 132,
        "model": "admin.logentry",
        "fields": {
            "action_flag": 2,
            "action_time": "2013-12-26T09:49:15.154Z",
            "object_repr": "Sapna wall",
            "object_id": "8",
            "change_message": "Changed thumbnail and file.",
            "user": 1,
            "content_type": 21
        }
    },
    {
        "pk": 133,
        "model": "admin.logentry",
        "fields": {
            "action_flag": 2,
            "action_time": "2013-12-26T09:49:33.170Z",
            "object_repr": "Naturals wall 1",
            "object_id": "5",
            "change_message": "Changed thumbnail and file.",
            "user": 1,
            "content_type": 21
        }
    },
    {
        "pk": 134,
        "model": "admin.logentry",
        "fields": {
            "action_flag": 2,
            "action_time": "2013-12-26T09:49:50.364Z",
            "object_repr": "Naturals wall 2",
            "object_id": "6",
            "change_message": "Changed thumbnail and file.",
            "user": 1,
            "content_type": 21
        }
    },
    {
        "pk": 135,
        "model": "admin.logentry",
        "fields": {
            "action_flag": 2,
            "action_time": "2013-12-26T09:50:08.159Z",
            "object_repr": "Naturals wall 3",
            "object_id": "7",
            "change_message": "Changed thumbnail and file.",
            "user": 1,
            "content_type": 21
        }
    },
    {
        "pk": 136,
        "model": "admin.logentry",
        "fields": {
            "action_flag": 2,
            "action_time": "2013-12-26T09:50:27.280Z",
            "object_repr": "Starbucks wall 1",
            "object_id": "1",
            "change_message": "Changed thumbnail and file.",
            "user": 1,
            "content_type": 21
        }
    },
    {
        "pk": 137,
        "model": "admin.logentry",
        "fields": {
            "action_flag": 2,
            "action_time": "2013-12-26T09:51:12.545Z",
            "object_repr": "Starbucks wall 2",
            "object_id": "2",
            "change_message": "Changed thumbnail and file.",
            "user": 1,
            "content_type": 21
        }
    },
    {
        "pk": 138,
        "model": "admin.logentry",
        "fields": {
            "action_flag": 2,
            "action_time": "2013-12-26T09:51:28.863Z",
            "object_repr": "Starbucks wall 3",
            "object_id": "3",
            "change_message": "Changed thumbnail and file.",
            "user": 1,
            "content_type": 21
        }
    },
    {
        "pk": 139,
        "model": "admin.logentry",
        "fields": {
            "action_flag": 2,
            "action_time": "2013-12-26T09:51:43.897Z",
            "object_repr": "Starbucks wall 4",
            "object_id": "4",
            "change_message": "Changed thumbnail and file.",
            "user": 1,
            "content_type": 21
        }
    },
    {
        "pk": 140,
        "model": "admin.logentry",
        "fields": {
            "action_flag": 2,
            "action_time": "2013-12-31T08:50:35.473Z",
            "object_repr": "P N Rao",
            "object_id": "4",
            "change_message": "Changed logo.",
            "user": 1,
            "content_type": 12
        }
    },
    {
        "pk": 141,
        "model": "admin.logentry",
        "fields": {
            "action_flag": 2,
            "action_time": "2013-12-31T08:50:47.893Z",
            "object_repr": "Sapna",
            "object_id": "3",
            "change_message": "Changed logo.",
            "user": 1,
            "content_type": 12
        }
    },
    {
        "pk": 142,
        "model": "admin.logentry",
        "fields": {
            "action_flag": 2,
            "action_time": "2013-12-31T08:50:56.928Z",
            "object_repr": "Naturals",
            "object_id": "2",
            "change_message": "Changed logo.",
            "user": 1,
            "content_type": 12
        }
    },
    {
        "pk": 143,
        "model": "admin.logentry",
        "fields": {
            "action_flag": 2,
            "action_time": "2013-12-31T08:51:05.598Z",
            "object_repr": "Starbucks",
            "object_id": "1",
            "change_message": "Changed logo.",
            "user": 1,
            "content_type": 12
        }
    },
    {
        "pk": 144,
        "model": "admin.logentry",
        "fields": {
            "action_flag": 2,
            "action_time": "2013-12-31T08:51:42.675Z",
            "object_repr": "P N Rao Kormangala",
            "object_id": "57",
            "change_message": "No fields changed.",
            "user": 1,
            "content_type": 14
        }
    },
    {
        "pk": 145,
        "model": "admin.logentry",
        "fields": {
            "action_flag": 2,
            "action_time": "2013-12-31T08:51:50.175Z",
            "object_repr": "Sapna Kormangala",
            "object_id": "56",
            "change_message": "No fields changed.",
            "user": 1,
            "content_type": 14
        }
    },
    {
        "pk": 146,
        "model": "admin.logentry",
        "fields": {
            "action_flag": 2,
            "action_time": "2013-12-31T08:51:55.710Z",
            "object_repr": "Naturals Kormangala",
            "object_id": "55",
            "change_message": "No fields changed.",
            "user": 1,
            "content_type": 14
        }
    },
    {
        "pk": 147,
        "model": "admin.logentry",
        "fields": {
            "action_flag": 2,
            "action_time": "2013-12-31T08:52:00.171Z",
            "object_repr": "Starbucks Kormangala",
            "object_id": "54",
            "change_message": "No fields changed.",
            "user": 1,
            "content_type": 14
        }
    },
    {
        "pk": 148,
        "model": "admin.logentry",
        "fields": {
            "action_flag": 2,
            "action_time": "2013-12-31T08:55:14.122Z",
            "object_repr": "Kormangala Bangalore",
            "object_id": "1",
            "change_message": "No fields changed.",
            "user": 1,
            "content_type": 13
        }
    },
    {
        "pk": 149,
        "model": "admin.logentry",
        "fields": {
            "action_flag": 2,
            "action_time": "2013-12-31T09:15:03.662Z",
            "object_repr": "PN Rao wall 3",
            "object_id": "13",
            "change_message": "Changed thumbnail and file.",
            "user": 1,
            "content_type": 21
        }
    },
    {
        "pk": 150,
        "model": "admin.logentry",
        "fields": {
            "action_flag": 2,
            "action_time": "2013-12-31T09:15:17.784Z",
            "object_repr": "PN Rao wall 2",
            "object_id": "12",
            "change_message": "Changed thumbnail and file.",
            "user": 1,
            "content_type": 21
        }
    },
    {
        "pk": 151,
        "model": "admin.logentry",
        "fields": {
            "action_flag": 2,
            "action_time": "2013-12-31T09:15:29.933Z",
            "object_repr": "PN Rao wall 1",
            "object_id": "11",
            "change_message": "Changed thumbnail and file.",
            "user": 1,
            "content_type": 21
        }
    },
    {
        "pk": 152,
        "model": "admin.logentry",
        "fields": {
            "action_flag": 2,
            "action_time": "2013-12-31T09:15:49.654Z",
            "object_repr": "Sapna wall 3",
            "object_id": "10",
            "change_message": "Changed thumbnail and file.",
            "user": 1,
            "content_type": 21
        }
    },
    {
        "pk": 153,
        "model": "admin.logentry",
        "fields": {
            "action_flag": 2,
            "action_time": "2013-12-31T09:17:11.090Z",
            "object_repr": "Sapna wall 2",
            "object_id": "9",
            "change_message": "Changed thumbnail and file.",
            "user": 1,
            "content_type": 21
        }
    },
    {
        "pk": 154,
        "model": "admin.logentry",
        "fields": {
            "action_flag": 2,
            "action_time": "2013-12-31T09:17:24.326Z",
            "object_repr": "Sapna wall",
            "object_id": "8",
            "change_message": "Changed thumbnail and file.",
            "user": 1,
            "content_type": 21
        }
    },
    {
        "pk": 155,
        "model": "admin.logentry",
        "fields": {
            "action_flag": 2,
            "action_time": "2013-12-31T09:17:40.187Z",
            "object_repr": "Naturals wall 3",
            "object_id": "7",
            "change_message": "Changed thumbnail and file.",
            "user": 1,
            "content_type": 21
        }
    },
    {
        "pk": 156,
        "model": "admin.logentry",
        "fields": {
            "action_flag": 2,
            "action_time": "2013-12-31T09:17:53.683Z",
            "object_repr": "Naturals wall 2",
            "object_id": "6",
            "change_message": "Changed thumbnail and file.",
            "user": 1,
            "content_type": 21
        }
    },
    {
        "pk": 157,
        "model": "admin.logentry",
        "fields": {
            "action_flag": 2,
            "action_time": "2013-12-31T09:18:05.268Z",
            "object_repr": "Naturals wall 1",
            "object_id": "5",
            "change_message": "Changed thumbnail and file.",
            "user": 1,
            "content_type": 21
        }
    },
    {
        "pk": 158,
        "model": "admin.logentry",
        "fields": {
            "action_flag": 2,
            "action_time": "2013-12-31T09:18:32.188Z",
            "object_repr": "Starbucks wall 4",
            "object_id": "4",
            "change_message": "Changed thumbnail and file.",
            "user": 1,
            "content_type": 21
        }
    },
    {
        "pk": 159,
        "model": "admin.logentry",
        "fields": {
            "action_flag": 2,
            "action_time": "2013-12-31T09:18:53.560Z",
            "object_repr": "Starbucks wall 3",
            "object_id": "3",
            "change_message": "Changed thumbnail and file.",
            "user": 1,
            "content_type": 21
        }
    },
    {
        "pk": 160,
        "model": "admin.logentry",
        "fields": {
            "action_flag": 2,
            "action_time": "2013-12-31T09:19:46.964Z",
            "object_repr": "Starbucks wall 2",
            "object_id": "2",
            "change_message": "Changed thumbnail and file.",
            "user": 1,
            "content_type": 21
        }
    },
    {
        "pk": 161,
        "model": "admin.logentry",
        "fields": {
            "action_flag": 2,
            "action_time": "2013-12-31T09:19:59.231Z",
            "object_repr": "Starbucks wall 1",
            "object_id": "1",
            "change_message": "Changed thumbnail and file.",
            "user": 1,
            "content_type": 21
        }
    },
    {
        "pk": 162,
        "model": "admin.logentry",
        "fields": {
            "action_flag": 2,
            "action_time": "2013-12-31T09:20:52.008Z",
            "object_repr": "Some vid",
            "object_id": "15",
            "change_message": "Changed thumbnail and file.",
            "user": 1,
            "content_type": 20
        }
    },
    {
        "pk": 163,
        "model": "admin.logentry",
        "fields": {
            "action_flag": 2,
            "action_time": "2013-12-31T09:21:43.900Z",
            "object_repr": "My heart goes on",
            "object_id": "16",
            "change_message": "Changed thumbnail and file.",
            "user": 1,
            "content_type": 19
        }
    },
    {
        "pk": 164,
        "model": "admin.logentry",
        "fields": {
            "action_flag": 2,
            "action_time": "2013-12-31T09:22:17.842Z",
            "object_repr": "Some slideshow 1",
            "object_id": "14",
            "change_message": "Changed thumbnail and store.",
            "user": 1,
            "content_type": 26
        }
    }
]