[
    {
        "pk": 1,
        "model": "contenttypes.contenttype",
        "fields": {
            "model": "permission",
            "name": "permission",
            "app_label": "auth"
        }
    },
    {
        "pk": 2,
        "model": "contenttypes.contenttype",
        "fields": {
            "model": "group",
            "name": "group",
            "app_label": "auth"
        }
    },
    {
        "pk": 3,
        "model": "contenttypes.contenttype",
        "fields": {
            "model": "user",
            "name": "user",
            "app_label": "auth"
        }
    },
    {
        "pk": 4,
        "model": "contenttypes.contenttype",
        "fields": {
            "model": "contenttype",
            "name": "content type",
            "app_label": "contenttypes"
        }
    },
    {
        "pk": 5,
        "model": "contenttypes.contenttype",
        "fields": {
            "model": "session",
            "name": "session",
            "app_label": "sessions"
        }
    },
    {
        "pk": 6,
        "model": "contenttypes.contenttype",
        "fields": {
            "model": "site",
            "name": "site",
            "app_label": "sites"
        }
    },
    {
        "pk": 7,
        "model": "contenttypes.contenttype",
        "fields": {
            "model": "migrationhistory",
            "name": "migration history",
            "app_label": "south"
        }
    },
    {
        "pk": 8,
        "model": "contenttypes.contenttype",
        "fields": {
            "model": "logentry",
            "name": "log entry",
            "app_label": "admin"
        }
    },
    {
        "pk": 9,
        "model": "contenttypes.contenttype",
        "fields": {
            "model": "state",
            "name": "state",
            "app_label": "core"
        }
    },
    {
        "pk": 10,
        "model": "contenttypes.contenttype",
        "fields": {
            "model": "city",
            "name": "City",
            "app_label": "core"
        }
    },
    {
        "pk": 11,
        "model": "contenttypes.contenttype",
        "fields": {
            "model": "country",
            "name": "country",
            "app_label": "core"
        }
    },
    {
        "pk": 12,
        "model": "contenttypes.contenttype",
        "fields": {
            "model": "brand",
            "name": "brand",
            "app_label": "core"
        }
    },
    {
        "pk": 13,
        "model": "contenttypes.contenttype",
        "fields": {
            "model": "cluster",
            "name": "cluster",
            "app_label": "core"
        }
    },
    {
        "pk": 14,
        "model": "contenttypes.contenttype",
        "fields": {
            "model": "store",
            "name": "store",
            "app_label": "core"
        }
    },
    {
        "pk": 15,
        "model": "contenttypes.contenttype",
        "fields": {
            "model": "device",
            "name": "device",
            "app_label": "core"
        }
    },
    {
        "pk": 16,
        "model": "contenttypes.contenttype",
        "fields": {
            "model": "contenttype",
            "name": "content type",
            "app_label": "core"
        }
    },
    {
        "pk": 17,
        "model": "contenttypes.contenttype",
        "fields": {
            "model": "content",
            "name": "content",
            "app_label": "core"
        }
    },
    {
        "pk": 18,
        "model": "contenttypes.contenttype",
        "fields": {
            "model": "audio",
            "name": "audio",
            "app_label": "core"
        }
    },
    {
        "pk": 19,
        "model": "contenttypes.contenttype",
        "fields": {
            "model": "video",
            "name": "video",
            "app_label": "core"
        }
    },
    {
        "pk": 20,
        "model": "contenttypes.contenttype",
        "fields": {
            "model": "wallpaper",
            "name": "wallpaper",
            "app_label": "core"
        }
    },
    {
        "pk": 21,
        "model": "contenttypes.contenttype",
        "fields": {
            "model": "web",
            "name": "web",
            "app_label": "core"
        }
    },
    {
        "pk": 22,
        "model": "contenttypes.contenttype",
        "fields": {
            "model": "image",
            "name": "image",
            "app_label": "core"
        }
    },
    {
        "pk": 23,
        "model": "contenttypes.contenttype",
        "fields": {
            "model": "slideshowimage",
            "name": "slide show image",
            "app_label": "core"
        }
    },
    {
        "pk": 24,
        "model": "contenttypes.contenttype",
        "fields": {
            "model": "slideshow",
            "name": "slide show",
            "app_label": "core"
        }
    },
    {
        "pk": 25,
        "model": "contenttypes.contenttype",
        "fields": {
            "model": "post",
            "name": "post",
            "app_label": "core"
        }
    },
    {
        "pk": "gm5p47vcoja8p2uoiud4cqz3pxnicx4z",
        "model": "sessions.session",
        "fields": {
            "expire_date": "2013-12-25T06:10:15.932Z",
            "session_data": "OWJjNzBmZWFlNTQyMzk1ZWM1Y2Q5YWFiMTEyYmRmMjZmMDgyZTQ0NDp7Il9hdXRoX3VzZXJfYmFja2VuZCI6ImRqYW5nby5jb250cmliLmF1dGguYmFja2VuZHMuTW9kZWxCYWNrZW5kIiwiX2F1dGhfdXNlcl9pZCI6MX0="
        }
    },
    {
        "pk": "mbf5bmr3hvy6uj8zi63mo7cvhcjv7001",
        "model": "sessions.session",
        "fields": {
            "expire_date": "2013-12-26T10:38:13.893Z",
            "session_data": "OWJjNzBmZWFlNTQyMzk1ZWM1Y2Q5YWFiMTEyYmRmMjZmMDgyZTQ0NDp7Il9hdXRoX3VzZXJfYmFja2VuZCI6ImRqYW5nby5jb250cmliLmF1dGguYmFja2VuZHMuTW9kZWxCYWNrZW5kIiwiX2F1dGhfdXNlcl9pZCI6MX0="
        }
    },
    {
        "pk": "moz20e491xbw8vvsec855x6gez6phugk",
        "model": "sessions.session",
        "fields": {
            "expire_date": "2014-01-01T12:00:37.656Z",
            "session_data": "OWJjNzBmZWFlNTQyMzk1ZWM1Y2Q5YWFiMTEyYmRmMjZmMDgyZTQ0NDp7Il9hdXRoX3VzZXJfYmFja2VuZCI6ImRqYW5nby5jb250cmliLmF1dGguYmFja2VuZHMuTW9kZWxCYWNrZW5kIiwiX2F1dGhfdXNlcl9pZCI6MX0="
        }
    },
    {
        "pk": "t5gxrj07ckshbf0ymgi7p859v4xv441n",
        "model": "sessions.session",
        "fields": {
            "expire_date": "2013-12-26T12:44:43.886Z",
            "session_data": "OWJjNzBmZWFlNTQyMzk1ZWM1Y2Q5YWFiMTEyYmRmMjZmMDgyZTQ0NDp7Il9hdXRoX3VzZXJfYmFja2VuZCI6ImRqYW5nby5jb250cmliLmF1dGguYmFja2VuZHMuTW9kZWxCYWNrZW5kIiwiX2F1dGhfdXNlcl9pZCI6MX0="
        }
    },
    {
        "pk": 1,
        "model": "sites.site",
        "fields": {
            "domain": "example.com",
            "name": "example.com"
        }
    },
    {
        "pk": 1,
        "model": "south.migrationhistory",
        "fields": {
            "applied": "2013-12-11T06:08:11.922Z",
            "app_name": "core",
            "migration": "0001_initial"
        }
    },
    {
        "pk": 2,
        "model": "south.migrationhistory",
        "fields": {
            "applied": "2013-12-11T09:28:31.077Z",
            "app_name": "core",
            "migration": "0002_auto__del_field_store_map_image"
        }
    },
    {
        "pk": 3,
        "model": "south.migrationhistory",
        "fields": {
            "applied": "2013-12-11T11:30:36.199Z",
            "app_name": "core",
            "migration": "0003_auto__del_field_store_map_image_url"
        }
    },
    {
        "pk": 7,
        "model": "south.migrationhistory",
        "fields": {
            "applied": "2013-12-18T11:59:57.236Z",
            "app_name": "core",
            "migration": "0004_auto__chg_field_web_content"
        }
    },
    {
        "pk": 8,
        "model": "south.migrationhistory",
        "fields": {
            "applied": "2013-12-18T12:24:12.135Z",
            "app_name": "core",
            "migration": "0005_auto__del_field_slideshow_order"
        }
    },
    {
        "pk": 1,
        "model": "core.state",
        "fields": {
            "modified": "2013-12-11T09:45:38.282Z",
            "name": "Karnataka",
            "created": "2013-12-11T09:45:38.282Z"
        }
    },
    {
        "pk": 1,
        "model": "core.city",
        "fields": {
            "modified": "2013-12-11T09:45:38.276Z",
            "name": "Bangalore",
            "created": "2013-12-11T09:45:38.276Z"
        }
    },
    {
        "pk": 1,
        "model": "core.brand",
        "fields": {
            "description": "",
            "created": "2013-12-11T06:15:22.215Z",
            "modified": "2013-12-18T12:25:28.282Z",
            "bg_color": "",
            "competitors": [],
            "bg_image": "",
            "slug_name": "starbucks",
            "logo": "/py_projects/brandclub_ng/brandclub/media/thumbnails/57d08417-bf8a-4de7-88e4-b33313531eab.jpg",
            "name": "Starbucks"
        }
    },
    {
        "pk": 2,
        "model": "core.brand",
        "fields": {
            "description": "",
            "created": "2013-12-11T09:39:29.156Z",
            "modified": "2013-12-18T12:25:21.303Z",
            "bg_color": "",
            "competitors": [],
            "bg_image": "",
            "slug_name": "naturals",
            "logo": "/py_projects/brandclub_ng/brandclub/media/thumbnails/9203d32e-d7a2-4c67-ac7f-d97e18eb26de.jpg",
            "name": "Naturals"
        }
    },
    {
        "pk": 3,
        "model": "core.brand",
        "fields": {
            "description": "",
            "created": "2013-12-11T09:41:12.947Z",
            "modified": "2013-12-18T12:25:12.071Z",
            "bg_color": "",
            "competitors": [],
            "bg_image": "",
            "slug_name": "sapna",
            "logo": "/py_projects/brandclub_ng/brandclub/media/thumbnails/0b209122-8fab-48aa-ad8b-d916508e518a.jpg",
            "name": "Sapna"
        }
    },
    {
        "pk": 4,
        "model": "core.brand",
        "fields": {
            "description": "",
            "created": "2013-12-11T09:43:10.452Z",
            "modified": "2013-12-18T12:25:02.738Z",
            "bg_color": "",
            "competitors": [],
            "bg_image": "",
            "slug_name": "pnrao",
            "logo": "/py_projects/brandclub_ng/brandclub/media/thumbnails/630463a5-9816-4612-89ae-827c13103d91.jpg",
            "name": "P N Rao"
        }
    },
    {
        "pk": 1,
        "model": "core.cluster",
        "fields": {
            "city": 1,
            "description": "",
            "locality": "Kormangala",
            "created": "2013-12-11T06:15:40.469Z",
            "modified": "2013-12-11T06:15:40.638Z",
            "state": 1,
            "name": "Kormangala Bangalore"
        }
    },
    {
        "pk": 54,
        "model": "core.store",
        "fields": {
            "city": 1,
            "pin_code": "",
            "description": "",
            "created": "2013-12-11T09:34:05.679Z",
            "brand": 1,
            "modified": "2013-12-11T11:15:54.597Z",
            "longitude": "77.612211",
            "cluster": 1,
            "address_first_line": "Some first line address",
            "state": 1,
            "latitude": "12.935103",
            "address_second_line": "",
            "name": "Starbucks Kormangala"
        }
    },
    {
        "pk": 55,
        "model": "core.store",
        "fields": {
            "city": 1,
            "pin_code": "",
            "description": "",
            "created": "2013-12-11T09:39:33.995Z",
            "brand": 2,
            "modified": "2013-12-11T11:15:40.706Z",
            "longitude": "77.611997",
            "cluster": 1,
            "address_first_line": "Some first line address",
            "state": 1,
            "latitude": "12.934653",
            "address_second_line": "",
            "name": "Naturals Kormangala"
        }
    },
    {
        "pk": 56,
        "model": "core.store",
        "fields": {
            "city": 1,
            "pin_code": "",
            "description": "",
            "created": "2013-12-11T09:41:17.649Z",
            "brand": 3,
            "modified": "2013-12-11T11:15:30.194Z",
            "longitude": "77.622653",
            "cluster": 1,
            "address_first_line": "Some first line address",
            "state": 1,
            "latitude": "12.931258",
            "address_second_line": "",
            "name": "Sapna Kormangala"
        }
    },
    {
        "pk": 57,
        "model": "core.store",
        "fields": {
            "city": 1,
            "pin_code": "",
            "description": "",
            "created": "2013-12-11T09:43:14.927Z",
            "brand": 4,
            "modified": "2013-12-11T11:15:23.309Z",
            "longitude": "77.617396",
            "cluster": 1,
            "address_first_line": "Some first line address",
            "state": 1,
            "latitude": "12.927321",
            "address_second_line": "",
            "name": "P N Rao Kormangala"
        }
    },
    {
        "pk": 1,
        "model": "core.contenttype",
        "fields": {
            "modified": "2013-12-11T09:48:27.541Z",
            "name": "Wallpaper",
            "created": "2013-12-11T09:48:27.482Z"
        }
    },
    {
        "pk": 2,
        "model": "core.contenttype",
        "fields": {
            "modified": "2013-12-12T05:28:54.820Z",
            "name": "Slide Show",
            "created": "2013-12-12T05:28:54.767Z"
        }
    },
    {
        "pk": 3,
        "model": "core.contenttype",
        "fields": {
            "modified": "2013-12-12T12:45:16.285Z",
            "name": "Video",
            "created": "2013-12-12T12:45:16.267Z"
        }
    },
    {
        "pk": 1,
        "model": "core.content",
        "fields": {
            "rating": 5,
            "archived": false,
            "end_date": "2014-01-10",
            "description": "",
            "no_of_people_rated": 1,
            "created": "2013-12-11T09:49:25.428Z",
            "thumbnail": "/py_projects/brandclub_ng/brandclub/media/thumbnails/157fed0f-b207-4828-8ffa-def3ff61e4e0.jpg",
            "modified": "2013-12-18T12:26:31.302Z",
            "name": "Starbucks wall 1",
            "active": true,
            "content_type": 1,
            "short_description": "Starbucks wall on home",
            "start_date": "2013-12-11",
            "store": [54],
            "show_on_home": true
        }
    },
    {
        "pk": 2,
        "model": "core.content",
        "fields": {
            "rating": 5,
            "archived": false,
            "end_date": "2014-01-10",
            "description": "",
            "no_of_people_rated": 1,
            "created": "2013-12-11T09:50:00.981Z",
            "thumbnail": "/py_projects/brandclub_ng/brandclub/media/thumbnails/a3a90bac-7794-4f42-8ef8-2f8b950edddd.jpg",
            "modified": "2013-12-18T12:26:43.584Z",
            "name": "Starbucks wall 2",
            "active": true,
            "content_type": 1,
            "short_description": "Some wallpaper which appears on starbucks",
            "start_date": "2013-12-11",
            "store": [54],
            "show_on_home": false
        }
    },
    {
        "pk": 3,
        "model": "core.content",
        "fields": {
            "rating": 5,
            "archived": false,
            "end_date": "2014-01-10",
            "description": "",
            "no_of_people_rated": 1,
            "created": "2013-12-11T09:50:32.306Z",
            "thumbnail": "/py_projects/brandclub_ng/brandclub/media/thumbnails/5fc9f0b5-ce21-41a6-9e09-1e9fe446e13b.jpg",
            "modified": "2013-12-18T12:27:02.855Z",
            "name": "Starbucks wall 3",
            "active": true,
            "content_type": 1,
            "short_description": "Some wallpaper which appears on starbucks",
            "start_date": "2013-12-11",
            "store": [54],
            "show_on_home": false
        }
    },
    {
        "pk": 4,
        "model": "core.content",
        "fields": {
            "rating": 5,
            "archived": false,
            "end_date": "2014-01-10",
            "description": "",
            "no_of_people_rated": 1,
            "created": "2013-12-11T09:51:08.041Z",
            "thumbnail": "/py_projects/brandclub_ng/brandclub/media/thumbnails/d860fb39-2199-406a-8b27-d264b61301c9.jpg",
            "modified": "2013-12-18T12:27:17.234Z",
            "name": "Starbucks wall 4",
            "active": true,
            "content_type": 1,
            "short_description": "Some wallpaper which appears on starbucks",
            "start_date": "2013-12-11",
            "store": [54],
            "show_on_home": false
        }
    },
    {
        "pk": 5,
        "model": "core.content",
        "fields": {
            "rating": 5,
            "archived": false,
            "end_date": "2014-01-10",
            "description": "",
            "no_of_people_rated": 1,
            "created": "2013-12-11T09:51:47.011Z",
            "thumbnail": "/py_projects/brandclub_ng/brandclub/media/thumbnails/c6b271df-d6c0-46c8-876b-b417c4ac0aa8.jpg",
            "modified": "2013-12-18T12:27:32.009Z",
            "name": "Naturals wall 1",
            "active": true,
            "content_type": 1,
            "short_description": "Some wallpaper which appears on naturals wall",
            "start_date": "2013-12-11",
            "store": [55],
            "show_on_home": true
        }
    },
    {
        "pk": 6,
        "model": "core.content",
        "fields": {
            "rating": 5,
            "archived": false,
            "end_date": "2014-01-10",
            "description": "",
            "no_of_people_rated": 1,
            "created": "2013-12-11T09:52:12.522Z",
            "thumbnail": "/py_projects/brandclub_ng/brandclub/media/thumbnails/80308701-bad9-43f3-a7a7-3b581fc26feb.jpg",
            "modified": "2013-12-18T12:27:50.656Z",
            "name": "Naturals wall 2",
            "active": true,
            "content_type": 1,
            "short_description": "Some wallpaper which appears on naturals",
            "start_date": "2013-12-11",
            "store": [55],
            "show_on_home": false
        }
    },
    {
        "pk": 7,
        "model": "core.content",
        "fields": {
            "rating": 5,
            "archived": false,
            "end_date": "2014-01-10",
            "description": "",
            "no_of_people_rated": 1,
            "created": "2013-12-11T09:52:41.589Z",
            "thumbnail": "/py_projects/brandclub_ng/brandclub/media/thumbnails/e5944bc5-4a6f-4cb2-aacd-505faae55c9e.jpg",
            "modified": "2013-12-18T12:28:07.156Z",
            "name": "Naturals wall 3",
            "active": true,
            "content_type": 1,
            "short_description": "Some wallpaper which appears on naturals",
            "start_date": "2013-12-11",
            "store": [55],
            "show_on_home": false
        }
    },
    {
        "pk": 8,
        "model": "core.content",
        "fields": {
            "rating": 5,
            "archived": false,
            "end_date": "2014-01-10",
            "description": "",
            "no_of_people_rated": 1,
            "created": "2013-12-11T09:53:31.582Z",
            "thumbnail": "/py_projects/brandclub_ng/brandclub/media/thumbnails/5dbcb57e-d022-475c-b354-9056d8788f91.jpg",
            "modified": "2013-12-18T12:28:21.940Z",
            "name": "Sapna wall",
            "active": true,
            "content_type": 1,
            "short_description": "Some wallpaper which appears on Sapna wall",
            "start_date": "2013-12-11",
            "store": [56],
            "show_on_home": true
        }
    },
    {
        "pk": 9,
        "model": "core.content",
        "fields": {
            "rating": 5,
            "archived": false,
            "end_date": "2014-01-10",
            "description": "",
            "no_of_people_rated": 1,
            "created": "2013-12-11T09:54:05.503Z",
            "thumbnail": "/py_projects/brandclub_ng/brandclub/media/thumbnails/3605f746-062c-430d-ab07-b3bb23a549f5.jpg",
            "modified": "2013-12-18T12:28:38.961Z",
            "name": "Sapna wall 2",
            "active": true,
            "content_type": 1,
            "short_description": "Some wallpaper which appears on Sapna",
            "start_date": "2013-12-11",
            "store": [56],
            "show_on_home": false
        }
    },
    {
        "pk": 10,
        "model": "core.content",
        "fields": {
            "rating": 5,
            "archived": false,
            "end_date": "2014-01-10",
            "description": "",
            "no_of_people_rated": 1,
            "created": "2013-12-11T09:54:37.602Z",
            "thumbnail": "/py_projects/brandclub_ng/brandclub/media/thumbnails/88f29783-9412-42a0-9502-a7d4b9ae20cd.jpg",
            "modified": "2013-12-18T12:28:52.419Z",
            "name": "Sapna wall 3",
            "active": true,
            "content_type": 1,
            "short_description": "Some wallpaper which appears on Sapna",
            "start_date": "2013-12-11",
            "store": [56],
            "show_on_home": false
        }
    },
    {
        "pk": 11,
        "model": "core.content",
        "fields": {
            "rating": 5,
            "archived": false,
            "end_date": "2014-01-10",
            "description": "",
            "no_of_people_rated": 1,
            "created": "2013-12-11T09:55:09.083Z",
            "thumbnail": "/py_projects/brandclub_ng/brandclub/media/thumbnails/f5d997d1-e429-4aa7-adfe-4e9481971502.jpg",
            "modified": "2013-12-18T12:29:08.953Z",
            "name": "PN Rao wall 1",
            "active": true,
            "content_type": 1,
            "short_description": "Some wallpaper which appears on PN Rao wall",
            "start_date": "2013-12-11",
            "store": [57],
            "show_on_home": true
        }
    },
    {
        "pk": 12,
        "model": "core.content",
        "fields": {
            "rating": 5,
            "archived": false,
            "end_date": "2014-01-10",
            "description": "",
            "no_of_people_rated": 1,
            "created": "2013-12-11T09:55:34.702Z",
            "thumbnail": "/py_projects/brandclub_ng/brandclub/media/thumbnails/4df1d341-dbca-4693-8c67-2416c5580fb1.jpg",
            "modified": "2013-12-18T12:29:21.476Z",
            "name": "PN Rao wall 2",
            "active": true,
            "content_type": 1,
            "short_description": "Some wallpaper which appears on PN Rao",
            "start_date": "2013-12-11",
            "store": [57],
            "show_on_home": false
        }
    },
    {
        "pk": 13,
        "model": "core.content",
        "fields": {
            "rating": 5,
            "archived": false,
            "end_date": "2014-01-10",
            "description": "",
            "no_of_people_rated": 1,
            "created": "2013-12-11T09:56:44.746Z",
            "thumbnail": "/py_projects/brandclub_ng/brandclub/media/thumbnails/f7ca4b70-1d28-46e8-aa8b-3e780240b1d4.jpg",
            "modified": "2013-12-18T12:29:36.516Z",
            "name": "PN Rao wall 3",
            "active": true,
            "content_type": 1,
            "short_description": "Some wallpaper which appears on PN Rao",
            "start_date": "2013-12-11",
            "store": [57],
            "show_on_home": false
        }
    },
    {
        "pk": 14,
        "model": "core.content",
        "fields": {
            "rating": 5,
            "archived": false,
            "end_date": "2014-01-10",
            "description": "",
            "no_of_people_rated": 1,
            "created": "2013-12-12T05:36:36.772Z",
            "thumbnail": "/py_projects/brandclub_ng/brandclub/media/thumbnails/7a43a9fb-be28-4237-9f27-f9f39e5d78da.jpg",
            "modified": "2013-12-12T05:36:36.987Z",
            "name": "Some slideshow 1",
            "active": true,
            "content_type": 2,
            "short_description": "Some slideshow description",
            "start_date": "2013-12-11",
            "store": [54],
            "show_on_home": false
        }
    },
    {
        "pk": 15,
        "model": "core.content",
        "fields": {
            "rating": 5,
            "archived": false,
            "end_date": "2014-01-11",
            "description": "",
            "no_of_people_rated": 1,
            "created": "2013-12-12T12:46:27.640Z",
            "thumbnail": "/py_projects/brandclub_ng/brandclub/media/thumbnails/0605eb18-94fe-424b-9005-5ad0dc7f9abb.jpg",
            "modified": "2013-12-18T12:12:06.005Z",
            "name": "Some vid",
            "active": true,
            "content_type": 3,
            "short_description": "Some description about video",
            "start_date": "2013-12-12",
            "store": [54, 55, 56, 57],
            "show_on_home": false
        }
    },
    {
        "pk": 15,
        "model": "core.video",
        "fields": {
            "store": [54, 55, 56, 57],
            "file": "/py_projects/brandclub_ng/brandclub/media/video/fcb56ed5-7913-4493-8b49-61f577e792c6.mp4"
        }
    },
    {
        "pk": 1,
        "model": "core.wallpaper",
        "fields": {
            "store": [54],
            "file": "/py_projects/brandclub_ng/brandclub/media/wallpaper/2921c353-dce5-4733-b429-5a6c6369673b.jpg"
        }
    },
    {
        "pk": 2,
        "model": "core.wallpaper",
        "fields": {
            "store": [54],
            "file": "/py_projects/brandclub_ng/brandclub/media/wallpaper/e9c1138d-610c-43e1-970e-906f255d580f.jpg"
        }
    },
    {
        "pk": 3,
        "model": "core.wallpaper",
        "fields": {
            "store": [54],
            "file": "/py_projects/brandclub_ng/brandclub/media/wallpaper/f9625a99-ca5f-4cca-85aa-61e285900333.jpg"
        }
    },
    {
        "pk": 4,
        "model": "core.wallpaper",
        "fields": {
            "store": [54],
            "file": "/py_projects/brandclub_ng/brandclub/media/wallpaper/2bf5f1ac-a478-4718-a6d0-a4130ccded2f.jpg"
        }
    },
    {
        "pk": 5,
        "model": "core.wallpaper",
        "fields": {
            "store": [55],
            "file": "/py_projects/brandclub_ng/brandclub/media/wallpaper/3881a46b-5ea3-4312-8d74-b08b187b7d49.jpg"
        }
    },
    {
        "pk": 6,
        "model": "core.wallpaper",
        "fields": {
            "store": [55],
            "file": "/py_projects/brandclub_ng/brandclub/media/wallpaper/83d5a916-057a-4d18-a818-ca99206e12d3.jpg"
        }
    },
    {
        "pk": 7,
        "model": "core.wallpaper",
        "fields": {
            "store": [55],
            "file": "/py_projects/brandclub_ng/brandclub/media/wallpaper/74df3594-ce77-4332-9e76-8cf498e3f131.jpg"
        }
    },
    {
        "pk": 8,
        "model": "core.wallpaper",
        "fields": {
            "store": [56],
            "file": "/py_projects/brandclub_ng/brandclub/media/wallpaper/b65036f8-9537-450d-90da-c2349899dccc.jpg"
        }
    },
    {
        "pk": 9,
        "model": "core.wallpaper",
        "fields": {
            "store": [56],
            "file": "/py_projects/brandclub_ng/brandclub/media/wallpaper/be7f3455-8290-40e8-8b8a-7bd6ed0ca90b.jpg"
        }
    },
    {
        "pk": 10,
        "model": "core.wallpaper",
        "fields": {
            "store": [56],
            "file": "/py_projects/brandclub_ng/brandclub/media/wallpaper/30bf606d-736e-42ed-92aa-e010cacec8bf.jpg"
        }
    },
    {
        "pk": 11,
        "model": "core.wallpaper",
        "fields": {
            "store": [57],
            "file": "/py_projects/brandclub_ng/brandclub/media/wallpaper/09bb710d-823f-4bee-b4da-a9ca1e41d1dd.jpg"
        }
    },
    {
        "pk": 12,
        "model": "core.wallpaper",
        "fields": {
            "store": [57],
            "file": "/py_projects/brandclub_ng/brandclub/media/wallpaper/7de4b62c-e796-41ce-a522-18642911a074.jpg"
        }
    },
    {
        "pk": 13,
        "model": "core.wallpaper",
        "fields": {
            "store": [57],
            "file": "/py_projects/brandclub_ng/brandclub/media/wallpaper/cd3c4891-6ad3-4441-bbc6-018c63c16346.jpg"
        }
    },
    {
        "pk": 1,
        "model": "core.image",
        "fields": {
            "target_url": "",
            "name": "Hazard",
            "created": "2013-12-12T05:33:48.550Z",
            "image": "/py_projects/brandclub_ng/brandclub/media/images/58fb73cf-fd02-4b12-bbf8-858935a2dfa4.jpg",
            "modified": "2013-12-18T12:13:55.333Z",
            "caption": "Hazard the magician"
        }
    },
    {
        "pk": 2,
        "model": "core.image",
        "fields": {
            "target_url": "",
            "name": "Mata",
            "created": "2013-12-12T05:34:30.060Z",
            "image": "/py_projects/brandclub_ng/brandclub/media/images/2626b72c-2679-4aba-8ab9-af0894ef4c7f.jpg",
            "modified": "2013-12-18T12:13:48.075Z",
            "caption": "Best CAM in the world"
        }
    },
    {
        "pk": 3,
        "model": "core.image",
        "fields": {
            "target_url": "",
            "name": "Torres",
            "created": "2013-12-12T05:35:38.548Z",
            "image": "/py_projects/brandclub_ng/brandclub/media/images/884d5c56-9760-4ba0-ac92-e43f3e3592ad.jpg",
            "modified": "2013-12-18T12:13:41.339Z",
            "caption": "Torres the good old striker"
        }
    },
    {
        "pk": 4,
        "model": "core.image",
        "fields": {
            "target_url": "",
            "name": "Oscar",
            "created": "2013-12-12T05:36:02.701Z",
            "image": "/py_projects/brandclub_ng/brandclub/media/images/cff5b0f7-1d6a-42eb-91ac-3df9c2792e33.jpg",
            "modified": "2013-12-18T12:13:33.266Z",
            "caption": "Young Brazilian"
        }
    },
    {
        "pk": 5,
        "model": "core.image",
        "fields": {
            "target_url": "",
            "name": "Team Celebration",
            "created": "2013-12-12T05:36:30.937Z",
            "image": "/py_projects/brandclub_ng/brandclub/media/images/a992c670-c5f1-482a-bfed-a0a54f3ecd89.jpg",
            "modified": "2013-12-18T12:13:26.084Z",
            "caption": "Chelsea team celebrating"
        }
    },
    {
        "pk": 1,
        "model": "core.slideshowimage",
        "fields": {
            "image": 1,
            "slideshow": 14,
            "order": 2
        }
    },
    {
        "pk": 2,
        "model": "core.slideshowimage",
        "fields": {
            "image": 2,
            "slideshow": 14,
            "order": 1
        }
    },
    {
        "pk": 3,
        "model": "core.slideshowimage",
        "fields": {
            "image": 3,
            "slideshow": 14,
            "order": 3
        }
    },
    {
        "pk": 4,
        "model": "core.slideshowimage",
        "fields": {
            "image": 4,
            "slideshow": 14,
            "order": 4
        }
    },
    {
        "pk": 5,
        "model": "core.slideshowimage",
        "fields": {
            "image": 5,
            "slideshow": 14,
            "order": 5
        }
    },
    {
        "pk": 14,
        "model": "core.slideshow",
        "fields": {
            "store": [54]
        }
    },
    {
        "pk": 1,
        "model": "auth.permission",
        "fields": {
            "codename": "add_permission",
            "name": "Can add permission",
            "content_type": 1
        }
    },
    {
        "pk": 2,
        "model": "auth.permission",
        "fields": {
            "codename": "change_permission",
            "name": "Can change permission",
            "content_type": 1
        }
    },
    {
        "pk": 3,
        "model": "auth.permission",
        "fields": {
            "codename": "delete_permission",
            "name": "Can delete permission",
            "content_type": 1
        }
    },
    {
        "pk": 4,
        "model": "auth.permission",
        "fields": {
            "codename": "add_group",
            "name": "Can add group",
            "content_type": 2
        }
    },
    {
        "pk": 5,
        "model": "auth.permission",
        "fields": {
            "codename": "change_group",
            "name": "Can change group",
            "content_type": 2
        }
    },
    {
        "pk": 6,
        "model": "auth.permission",
        "fields": {
            "codename": "delete_group",
            "name": "Can delete group",
            "content_type": 2
        }
    },
    {
        "pk": 7,
        "model": "auth.permission",
        "fields": {
            "codename": "add_user",
            "name": "Can add user",
            "content_type": 3
        }
    },
    {
        "pk": 8,
        "model": "auth.permission",
        "fields": {
            "codename": "change_user",
            "name": "Can change user",
            "content_type": 3
        }
    },
    {
        "pk": 9,
        "model": "auth.permission",
        "fields": {
            "codename": "delete_user",
            "name": "Can delete user",
            "content_type": 3
        }
    },
    {
        "pk": 10,
        "model": "auth.permission",
        "fields": {
            "codename": "add_contenttype",
            "name": "Can add content type",
            "content_type": 4
        }
    },
    {
        "pk": 11,
        "model": "auth.permission",
        "fields": {
            "codename": "change_contenttype",
            "name": "Can change content type",
            "content_type": 4
        }
    },
    {
        "pk": 12,
        "model": "auth.permission",
        "fields": {
            "codename": "delete_contenttype",
            "name": "Can delete content type",
            "content_type": 4
        }
    },
    {
        "pk": 13,
        "model": "auth.permission",
        "fields": {
            "codename": "add_session",
            "name": "Can add session",
            "content_type": 5
        }
    },
    {
        "pk": 14,
        "model": "auth.permission",
        "fields": {
            "codename": "change_session",
            "name": "Can change session",
            "content_type": 5
        }
    },
    {
        "pk": 15,
        "model": "auth.permission",
        "fields": {
            "codename": "delete_session",
            "name": "Can delete session",
            "content_type": 5
        }
    },
    {
        "pk": 16,
        "model": "auth.permission",
        "fields": {
            "codename": "add_site",
            "name": "Can add site",
            "content_type": 6
        }
    },
    {
        "pk": 17,
        "model": "auth.permission",
        "fields": {
            "codename": "change_site",
            "name": "Can change site",
            "content_type": 6
        }
    },
    {
        "pk": 18,
        "model": "auth.permission",
        "fields": {
            "codename": "delete_site",
            "name": "Can delete site",
            "content_type": 6
        }
    },
    {
        "pk": 19,
        "model": "auth.permission",
        "fields": {
            "codename": "add_migrationhistory",
            "name": "Can add migration history",
            "content_type": 7
        }
    },
    {
        "pk": 20,
        "model": "auth.permission",
        "fields": {
            "codename": "change_migrationhistory",
            "name": "Can change migration history",
            "content_type": 7
        }
    },
    {
        "pk": 21,
        "model": "auth.permission",
        "fields": {
            "codename": "delete_migrationhistory",
            "name": "Can delete migration history",
            "content_type": 7
        }
    },
    {
        "pk": 22,
        "model": "auth.permission",
        "fields": {
            "codename": "add_logentry",
            "name": "Can add log entry",
            "content_type": 8
        }
    },
    {
        "pk": 23,
        "model": "auth.permission",
        "fields": {
            "codename": "change_logentry",
            "name": "Can change log entry",
            "content_type": 8
        }
    },
    {
        "pk": 24,
        "model": "auth.permission",
        "fields": {
            "codename": "delete_logentry",
            "name": "Can delete log entry",
            "content_type": 8
        }
    },
    {
        "pk": 25,
        "model": "auth.permission",
        "fields": {
            "codename": "add_state",
            "name": "Can add state",
            "content_type": 9
        }
    },
    {
        "pk": 26,
        "model": "auth.permission",
        "fields": {
            "codename": "change_state",
            "name": "Can change state",
            "content_type": 9
        }
    },
    {
        "pk": 27,
        "model": "auth.permission",
        "fields": {
            "codename": "delete_state",
            "name": "Can delete state",
            "content_type": 9
        }
    },
    {
        "pk": 28,
        "model": "auth.permission",
        "fields": {
            "codename": "add_city",
            "name": "Can add City",
            "content_type": 10
        }
    },
    {
        "pk": 29,
        "model": "auth.permission",
        "fields": {
            "codename": "change_city",
            "name": "Can change City",
            "content_type": 10
        }
    },
    {
        "pk": 30,
        "model": "auth.permission",
        "fields": {
            "codename": "delete_city",
            "name": "Can delete City",
            "content_type": 10
        }
    },
    {
        "pk": 31,
        "model": "auth.permission",
        "fields": {
            "codename": "add_country",
            "name": "Can add country",
            "content_type": 11
        }
    },
    {
        "pk": 32,
        "model": "auth.permission",
        "fields": {
            "codename": "change_country",
            "name": "Can change country",
            "content_type": 11
        }
    },
    {
        "pk": 33,
        "model": "auth.permission",
        "fields": {
            "codename": "delete_country",
            "name": "Can delete country",
            "content_type": 11
        }
    },
    {
        "pk": 34,
        "model": "auth.permission",
        "fields": {
            "codename": "add_brand",
            "name": "Can add brand",
            "content_type": 12
        }
    },
    {
        "pk": 35,
        "model": "auth.permission",
        "fields": {
            "codename": "change_brand",
            "name": "Can change brand",
            "content_type": 12
        }
    },
    {
        "pk": 36,
        "model": "auth.permission",
        "fields": {
            "codename": "delete_brand",
            "name": "Can delete brand",
            "content_type": 12
        }
    },
    {
        "pk": 37,
        "model": "auth.permission",
        "fields": {
            "codename": "add_cluster",
            "name": "Can add cluster",
            "content_type": 13
        }
    },
    {
        "pk": 38,
        "model": "auth.permission",
        "fields": {
            "codename": "change_cluster",
            "name": "Can change cluster",
            "content_type": 13
        }
    },
    {
        "pk": 39,
        "model": "auth.permission",
        "fields": {
            "codename": "delete_cluster",
            "name": "Can delete cluster",
            "content_type": 13
        }
    },
    {
        "pk": 40,
        "model": "auth.permission",
        "fields": {
            "codename": "add_store",
            "name": "Can add store",
            "content_type": 14
        }
    },
    {
        "pk": 41,
        "model": "auth.permission",
        "fields": {
            "codename": "change_store",
            "name": "Can change store",
            "content_type": 14
        }
    },
    {
        "pk": 42,
        "model": "auth.permission",
        "fields": {
            "codename": "delete_store",
            "name": "Can delete store",
            "content_type": 14
        }
    },
    {
        "pk": 43,
        "model": "auth.permission",
        "fields": {
            "codename": "add_device",
            "name": "Can add device",
            "content_type": 15
        }
    },
    {
        "pk": 44,
        "model": "auth.permission",
        "fields": {
            "codename": "change_device",
            "name": "Can change device",
            "content_type": 15
        }
    },
    {
        "pk": 45,
        "model": "auth.permission",
        "fields": {
            "codename": "delete_device",
            "name": "Can delete device",
            "content_type": 15
        }
    },
    {
        "pk": 46,
        "model": "auth.permission",
        "fields": {
            "codename": "add_contenttype",
            "name": "Can add content type",
            "content_type": 16
        }
    },
    {
        "pk": 47,
        "model": "auth.permission",
        "fields": {
            "codename": "change_contenttype",
            "name": "Can change content type",
            "content_type": 16
        }
    },
    {
        "pk": 48,
        "model": "auth.permission",
        "fields": {
            "codename": "delete_contenttype",
            "name": "Can delete content type",
            "content_type": 16
        }
    },
    {
        "pk": 49,
        "model": "auth.permission",
        "fields": {
            "codename": "add_content",
            "name": "Can add content",
            "content_type": 17
        }
    },
    {
        "pk": 50,
        "model": "auth.permission",
        "fields": {
            "codename": "change_content",
            "name": "Can change content",
            "content_type": 17
        }
    },
    {
        "pk": 51,
        "model": "auth.permission",
        "fields": {
            "codename": "delete_content",
            "name": "Can delete content",
            "content_type": 17
        }
    },
    {
        "pk": 52,
        "model": "auth.permission",
        "fields": {
            "codename": "add_audio",
            "name": "Can add audio",
            "content_type": 18
        }
    },
    {
        "pk": 53,
        "model": "auth.permission",
        "fields": {
            "codename": "change_audio",
            "name": "Can change audio",
            "content_type": 18
        }
    },
    {
        "pk": 54,
        "model": "auth.permission",
        "fields": {
            "codename": "delete_audio",
            "name": "Can delete audio",
            "content_type": 18
        }
    },
    {
        "pk": 55,
        "model": "auth.permission",
        "fields": {
            "codename": "add_video",
            "name": "Can add video",
            "content_type": 19
        }
    },
    {
        "pk": 56,
        "model": "auth.permission",
        "fields": {
            "codename": "change_video",
            "name": "Can change video",
            "content_type": 19
        }
    },
    {
        "pk": 57,
        "model": "auth.permission",
        "fields": {
            "codename": "delete_video",
            "name": "Can delete video",
            "content_type": 19
        }
    },
    {
        "pk": 58,
        "model": "auth.permission",
        "fields": {
            "codename": "add_wallpaper",
            "name": "Can add wallpaper",
            "content_type": 20
        }
    },
    {
        "pk": 59,
        "model": "auth.permission",
        "fields": {
            "codename": "change_wallpaper",
            "name": "Can change wallpaper",
            "content_type": 20
        }
    },
    {
        "pk": 60,
        "model": "auth.permission",
        "fields": {
            "codename": "delete_wallpaper",
            "name": "Can delete wallpaper",
            "content_type": 20
        }
    },
    {
        "pk": 61,
        "model": "auth.permission",
        "fields": {
            "codename": "add_web",
            "name": "Can add web",
            "content_type": 21
        }
    },
    {
        "pk": 62,
        "model": "auth.permission",
        "fields": {
            "codename": "change_web",
            "name": "Can change web",
            "content_type": 21
        }
    },
    {
        "pk": 63,
        "model": "auth.permission",
        "fields": {
            "codename": "delete_web",
            "name": "Can delete web",
            "content_type": 21
        }
    },
    {
        "pk": 64,
        "model": "auth.permission",
        "fields": {
            "codename": "add_image",
            "name": "Can add image",
            "content_type": 22
        }
    },
    {
        "pk": 65,
        "model": "auth.permission",
        "fields": {
            "codename": "change_image",
            "name": "Can change image",
            "content_type": 22
        }
    },
    {
        "pk": 66,
        "model": "auth.permission",
        "fields": {
            "codename": "delete_image",
            "name": "Can delete image",
            "content_type": 22
        }
    },
    {
        "pk": 67,
        "model": "auth.permission",
        "fields": {
            "codename": "add_slideshowimage",
            "name": "Can add slide show image",
            "content_type": 23
        }
    },
    {
        "pk": 68,
        "model": "auth.permission",
        "fields": {
            "codename": "change_slideshowimage",
            "name": "Can change slide show image",
            "content_type": 23
        }
    },
    {
        "pk": 69,
        "model": "auth.permission",
        "fields": {
            "codename": "delete_slideshowimage",
            "name": "Can delete slide show image",
            "content_type": 23
        }
    },
    {
        "pk": 70,
        "model": "auth.permission",
        "fields": {
            "codename": "add_slideshow",
            "name": "Can add slide show",
            "content_type": 24
        }
    },
    {
        "pk": 71,
        "model": "auth.permission",
        "fields": {
            "codename": "change_slideshow",
            "name": "Can change slide show",
            "content_type": 24
        }
    },
    {
        "pk": 72,
        "model": "auth.permission",
        "fields": {
            "codename": "delete_slideshow",
            "name": "Can delete slide show",
            "content_type": 24
        }
    },
    {
        "pk": 73,
        "model": "auth.permission",
        "fields": {
            "codename": "add_post",
            "name": "Can add post",
            "content_type": 25
        }
    },
    {
        "pk": 74,
        "model": "auth.permission",
        "fields": {
            "codename": "change_post",
            "name": "Can change post",
            "content_type": 25
        }
    },
    {
        "pk": 75,
        "model": "auth.permission",
        "fields": {
            "codename": "delete_post",
            "name": "Can delete post",
            "content_type": 25
        }
    },
    {
        "pk": 1,
        "model": "auth.user",
        "fields": {
            "username": "nag",
            "first_name": "",
            "last_name": "",
            "is_active": true,
            "is_superuser": true,
            "is_staff": true,
            "last_login": "2013-12-18T12:00:37.567Z",
            "groups": [],
            "user_permissions": [],
            "password": "pbkdf2_sha256$12000$r0ed8fODVf23$n+TqGqkyWkZuCw6Xk5ej7VDQBuA5ZJe7MZ7KPiNUMiQ=",
            "email": "",
            "date_joined": "2013-12-11T06:07:05.062Z"
        }
    },
    {
        "pk": 1,
        "model": "admin.logentry",
        "fields": {
            "action_flag": 1,
            "action_time": "2013-12-11T06:15:23.296Z",
            "object_repr": "Starbucks",
            "object_id": "1",
            "change_message": "",
            "user": 1,
            "content_type": 12
        }
    },
    {
        "pk": 2,
        "model": "admin.logentry",
        "fields": {
            "action_flag": 1,
            "action_time": "2013-12-11T06:15:40.658Z",
            "object_repr": "Kormangala Bangalore",
            "object_id": "1",
            "change_message": "",
            "user": 1,
            "content_type": 13
        }
    },
    {
        "pk": 3,
        "model": "admin.logentry",
        "fields": {
            "action_flag": 1,
            "action_time": "2013-12-11T06:25:06.286Z",
            "object_repr": "Starbucks Kormangala",
            "object_id": "1",
            "change_message": "",
            "user": 1,
            "content_type": 14
        }
    },
    {
        "pk": 4,
        "model": "admin.logentry",
        "fields": {
            "action_flag": 2,
            "action_time": "2013-12-11T06:30:10.367Z",
            "object_repr": "Starbucks Kormangala",
            "object_id": "1",
            "change_message": "Changed address_first_line.",
            "user": 1,
            "content_type": 14
        }
    },
    {
        "pk": 5,
        "model": "admin.logentry",
        "fields": {
            "action_flag": 1,
            "action_time": "2013-12-11T07:27:46.378Z",
            "object_repr": "Starbucks Kormangala",
            "object_id": "49",
            "change_message": "",
            "user": 1,
            "content_type": 14
        }
    },
    {
        "pk": 6,
        "model": "admin.logentry",
        "fields": {
            "action_flag": 1,
            "action_time": "2013-12-11T07:29:08.169Z",
            "object_repr": "Starbucks Kormangala",
            "object_id": "50",
            "change_message": "",
            "user": 1,
            "content_type": 14
        }
    },
    {
        "pk": 7,
        "model": "admin.logentry",
        "fields": {
            "action_flag": 1,
            "action_time": "2013-12-11T07:30:17.571Z",
            "object_repr": "Starbucks Kormangala",
            "object_id": "51",
            "change_message": "",
            "user": 1,
            "content_type": 14
        }
    },
    {
        "pk": 8,
        "model": "admin.logentry",
        "fields": {
            "action_flag": 3,
            "action_time": "2013-12-11T07:30:43.793Z",
            "object_repr": "Starbucks Kormangala",
            "object_id": "51",
            "change_message": "",
            "user": 1,
            "content_type": 14
        }
    },
    {
        "pk": 9,
        "model": "admin.logentry",
        "fields": {
            "action_flag": 3,
            "action_time": "2013-12-11T07:30:43.816Z",
            "object_repr": "Starbucks Kormangala",
            "object_id": "50",
            "change_message": "",
            "user": 1,
            "content_type": 14
        }
    },
    {
        "pk": 10,
        "model": "admin.logentry",
        "fields": {
            "action_flag": 3,
            "action_time": "2013-12-11T07:30:43.838Z",
            "object_repr": "Starbucks Kormangala",
            "object_id": "49",
            "change_message": "",
            "user": 1,
            "content_type": 14
        }
    },
    {
        "pk": 11,
        "model": "admin.logentry",
        "fields": {
            "action_flag": 1,
            "action_time": "2013-12-11T09:30:38.457Z",
            "object_repr": "Starbucks Kormangala",
            "object_id": "52",
            "change_message": "",
            "user": 1,
            "content_type": 14
        }
    },
    {
        "pk": 12,
        "model": "admin.logentry",
        "fields": {
            "action_flag": 1,
            "action_time": "2013-12-11T09:33:03.979Z",
            "object_repr": "Starbucks Kormangala",
            "object_id": "53",
            "change_message": "",
            "user": 1,
            "content_type": 14
        }
    },
    {
        "pk": 13,
        "model": "admin.logentry",
        "fields": {
            "action_flag": 3,
            "action_time": "2013-12-11T09:33:14.661Z",
            "object_repr": "Starbucks Kormangala",
            "object_id": "53",
            "change_message": "",
            "user": 1,
            "content_type": 14
        }
    },
    {
        "pk": 14,
        "model": "admin.logentry",
        "fields": {
            "action_flag": 3,
            "action_time": "2013-12-11T09:33:14.679Z",
            "object_repr": "Starbucks Kormangala",
            "object_id": "52",
            "change_message": "",
            "user": 1,
            "content_type": 14
        }
    },
    {
        "pk": 15,
        "model": "admin.logentry",
        "fields": {
            "action_flag": 1,
            "action_time": "2013-12-11T09:34:06.378Z",
            "object_repr": "Starbucks Kormangala",
            "object_id": "54",
            "change_message": "",
            "user": 1,
            "content_type": 14
        }
    },
    {
        "pk": 16,
        "model": "admin.logentry",
        "fields": {
            "action_flag": 1,
            "action_time": "2013-12-11T09:39:29.355Z",
            "object_repr": "Naturals",
            "object_id": "2",
            "change_message": "",
            "user": 1,
            "content_type": 12
        }
    },
    {
        "pk": 17,
        "model": "admin.logentry",
        "fields": {
            "action_flag": 1,
            "action_time": "2013-12-11T09:39:34.906Z",
            "object_repr": "Naturals Kormangala",
            "object_id": "55",
            "change_message": "",
            "user": 1,
            "content_type": 14
        }
    },
    {
        "pk": 18,
        "model": "admin.logentry",
        "fields": {
            "action_flag": 1,
            "action_time": "2013-12-11T09:41:13.014Z",
            "object_repr": "Sapna",
            "object_id": "3",
            "change_message": "",
            "user": 1,
            "content_type": 12
        }
    },
    {
        "pk": 19,
        "model": "admin.logentry",
        "fields": {
            "action_flag": 1,
            "action_time": "2013-12-11T09:41:18.282Z",
            "object_repr": "Sapna Kormangala",
            "object_id": "56",
            "change_message": "",
            "user": 1,
            "content_type": 14
        }
    },
    {
        "pk": 20,
        "model": "admin.logentry",
        "fields": {
            "action_flag": 1,
            "action_time": "2013-12-11T09:43:10.525Z",
            "object_repr": "P N Rao",
            "object_id": "4",
            "change_message": "",
            "user": 1,
            "content_type": 12
        }
    },
    {
        "pk": 21,
        "model": "admin.logentry",
        "fields": {
            "action_flag": 1,
            "action_time": "2013-12-11T09:43:15.465Z",
            "object_repr": "P N Rao Kormangala",
            "object_id": "57",
            "change_message": "",
            "user": 1,
            "content_type": 14
        }
    },
    {
        "pk": 22,
        "model": "admin.logentry",
        "fields": {
            "action_flag": 1,
            "action_time": "2013-12-11T09:48:27.598Z",
            "object_repr": "Wallpaper",
            "object_id": "1",
            "change_message": "",
            "user": 1,
            "content_type": 16
        }
    },
    {
        "pk": 23,
        "model": "admin.logentry",
        "fields": {
            "action_flag": 1,
            "action_time": "2013-12-11T09:49:26.054Z",
            "object_repr": "Starbucks wall 1",
            "object_id": "1",
            "change_message": "",
            "user": 1,
            "content_type": 20
        }
    },
    {
        "pk": 24,
        "model": "admin.logentry",
        "fields": {
            "action_flag": 1,
            "action_time": "2013-12-11T09:50:01.077Z",
            "object_repr": "Starbucks wall 2",
            "object_id": "2",
            "change_message": "",
            "user": 1,
            "content_type": 20
        }
    },
    {
        "pk": 25,
        "model": "admin.logentry",
        "fields": {
            "action_flag": 1,
            "action_time": "2013-12-11T09:50:32.394Z",
            "object_repr": "Starbucks wall 3",
            "object_id": "3",
            "change_message": "",
            "user": 1,
            "content_type": 20
        }
    },
    {
        "pk": 26,
        "model": "admin.logentry",
        "fields": {
            "action_flag": 1,
            "action_time": "2013-12-11T09:51:08.139Z",
            "object_repr": "Starbucks wall 4",
            "object_id": "4",
            "change_message": "",
            "user": 1,
            "content_type": 20
        }
    },
    {
        "pk": 27,
        "model": "admin.logentry",
        "fields": {
            "action_flag": 1,
            "action_time": "2013-12-11T09:51:47.110Z",
            "object_repr": "Naturals wall 1",
            "object_id": "5",
            "change_message": "",
            "user": 1,
            "content_type": 20
        }
    },
    {
        "pk": 28,
        "model": "admin.logentry",
        "fields": {
            "action_flag": 1,
            "action_time": "2013-12-11T09:52:12.633Z",
            "object_repr": "Naturals wall 2",
            "object_id": "6",
            "change_message": "",
            "user": 1,
            "content_type": 20
        }
    },
    {
        "pk": 29,
        "model": "admin.logentry",
        "fields": {
            "action_flag": 1,
            "action_time": "2013-12-11T09:52:41.706Z",
            "object_repr": "Naturals wall 3",
            "object_id": "7",
            "change_message": "",
            "user": 1,
            "content_type": 20
        }
    },
    {
        "pk": 30,
        "model": "admin.logentry",
        "fields": {
            "action_flag": 1,
            "action_time": "2013-12-11T09:53:31.685Z",
            "object_repr": "Sapna wall",
            "object_id": "8",
            "change_message": "",
            "user": 1,
            "content_type": 20
        }
    },
    {
        "pk": 31,
        "model": "admin.logentry",
        "fields": {
            "action_flag": 1,
            "action_time": "2013-12-11T09:54:05.591Z",
            "object_repr": "Sapna wall 2",
            "object_id": "9",
            "change_message": "",
            "user": 1,
            "content_type": 20
        }
    },
    {
        "pk": 32,
        "model": "admin.logentry",
        "fields": {
            "action_flag": 1,
            "action_time": "2013-12-11T09:54:37.725Z",
            "object_repr": "Sapna wall 3",
            "object_id": "10",
            "change_message": "",
            "user": 1,
            "content_type": 20
        }
    },
    {
        "pk": 33,
        "model": "admin.logentry",
        "fields": {
            "action_flag": 1,
            "action_time": "2013-12-11T09:55:09.196Z",
            "object_repr": "PN Rao wall 1",
            "object_id": "11",
            "change_message": "",
            "user": 1,
            "content_type": 20
        }
    },
    {
        "pk": 34,
        "model": "admin.logentry",
        "fields": {
            "action_flag": 1,
            "action_time": "2013-12-11T09:55:34.791Z",
            "object_repr": "PN Rao wall 2",
            "object_id": "12",
            "change_message": "",
            "user": 1,
            "content_type": 20
        }
    },
    {
        "pk": 35,
        "model": "admin.logentry",
        "fields": {
            "action_flag": 1,
            "action_time": "2013-12-11T09:56:44.838Z",
            "object_repr": "PN Rao wall 3",
            "object_id": "13",
            "change_message": "",
            "user": 1,
            "content_type": 20
        }
    },
    {
        "pk": 36,
        "model": "admin.logentry",
        "fields": {
            "action_flag": 2,
            "action_time": "2013-12-11T11:15:23.421Z",
            "object_repr": "P N Rao Kormangala",
            "object_id": "57",
            "change_message": "No fields changed.",
            "user": 1,
            "content_type": 14
        }
    },
    {
        "pk": 37,
        "model": "admin.logentry",
        "fields": {
            "action_flag": 2,
            "action_time": "2013-12-11T11:15:30.213Z",
            "object_repr": "Sapna Kormangala",
            "object_id": "56",
            "change_message": "No fields changed.",
            "user": 1,
            "content_type": 14
        }
    },
    {
        "pk": 38,
        "model": "admin.logentry",
        "fields": {
            "action_flag": 2,
            "action_time": "2013-12-11T11:15:40.725Z",
            "object_repr": "Naturals Kormangala",
            "object_id": "55",
            "change_message": "No fields changed.",
            "user": 1,
            "content_type": 14
        }
    },
    {
        "pk": 39,
        "model": "admin.logentry",
        "fields": {
            "action_flag": 2,
            "action_time": "2013-12-11T11:15:54.619Z",
            "object_repr": "Starbucks Kormangala",
            "object_id": "54",
            "change_message": "No fields changed.",
            "user": 1,
            "content_type": 14
        }
    },
    {
        "pk": 40,
        "model": "admin.logentry",
        "fields": {
            "action_flag": 2,
            "action_time": "2013-12-12T05:25:46.311Z",
            "object_repr": "P N Rao Kormangala",
            "object_id": "57",
            "change_message": "No fields changed.",
            "user": 1,
            "content_type": 14
        }
    },
    {
        "pk": 41,
        "model": "admin.logentry",
        "fields": {
            "action_flag": 2,
            "action_time": "2013-12-12T05:26:09.661Z",
            "object_repr": "Sapna Kormangala",
            "object_id": "56",
            "change_message": "No fields changed.",
            "user": 1,
            "content_type": 14
        }
    },
    {
        "pk": 42,
        "model": "admin.logentry",
        "fields": {
            "action_flag": 2,
            "action_time": "2013-12-12T05:26:35.742Z",
            "object_repr": "Naturals Kormangala",
            "object_id": "55",
            "change_message": "No fields changed.",
            "user": 1,
            "content_type": 14
        }
    },
    {
        "pk": 43,
        "model": "admin.logentry",
        "fields": {
            "action_flag": 2,
            "action_time": "2013-12-12T05:26:56.174Z",
            "object_repr": "Naturals Kormangala",
            "object_id": "55",
            "change_message": "No fields changed.",
            "user": 1,
            "content_type": 14
        }
    },
    {
        "pk": 44,
        "model": "admin.logentry",
        "fields": {
            "action_flag": 2,
            "action_time": "2013-12-12T05:27:07.393Z",
            "object_repr": "Starbucks Kormangala",
            "object_id": "54",
            "change_message": "No fields changed.",
            "user": 1,
            "content_type": 14
        }
    },
    {
        "pk": 45,
        "model": "admin.logentry",
        "fields": {
            "action_flag": 1,
            "action_time": "2013-12-12T05:28:54.890Z",
            "object_repr": "Slide Show",
            "object_id": "2",
            "change_message": "",
            "user": 1,
            "content_type": 16
        }
    },
    {
        "pk": 46,
        "model": "admin.logentry",
        "fields": {
            "action_flag": 1,
            "action_time": "2013-12-12T05:33:48.783Z",
            "object_repr": "Hazard",
            "object_id": "1",
            "change_message": "",
            "user": 1,
            "content_type": 22
        }
    },
    {
        "pk": 47,
        "model": "admin.logentry",
        "fields": {
            "action_flag": 1,
            "action_time": "2013-12-12T05:34:30.077Z",
            "object_repr": "Mata",
            "object_id": "2",
            "change_message": "",
            "user": 1,
            "content_type": 22
        }
    },
    {
        "pk": 48,
        "model": "admin.logentry",
        "fields": {
            "action_flag": 1,
            "action_time": "2013-12-12T05:35:38.571Z",
            "object_repr": "Torres",
            "object_id": "3",
            "change_message": "",
            "user": 1,
            "content_type": 22
        }
    },
    {
        "pk": 49,
        "model": "admin.logentry",
        "fields": {
            "action_flag": 1,
            "action_time": "2013-12-12T05:36:02.716Z",
            "object_repr": "Oscar",
            "object_id": "4",
            "change_message": "",
            "user": 1,
            "content_type": 22
        }
    },
    {
        "pk": 50,
        "model": "admin.logentry",
        "fields": {
            "action_flag": 1,
            "action_time": "2013-12-12T05:36:30.952Z",
            "object_repr": "Team Celebration",
            "object_id": "5",
            "change_message": "",
            "user": 1,
            "content_type": 22
        }
    },
    {
        "pk": 51,
        "model": "admin.logentry",
        "fields": {
            "action_flag": 1,
            "action_time": "2013-12-12T05:36:37.514Z",
            "object_repr": "Some slideshow 1",
            "object_id": "14",
            "change_message": "",
            "user": 1,
            "content_type": 24
        }
    },
    {
        "pk": 52,
        "model": "admin.logentry",
        "fields": {
            "action_flag": 1,
            "action_time": "2013-12-12T12:45:16.324Z",
            "object_repr": "Video",
            "object_id": "3",
            "change_message": "",
            "user": 1,
            "content_type": 16
        }
    },
    {
        "pk": 53,
        "model": "admin.logentry",
        "fields": {
            "action_flag": 1,
            "action_time": "2013-12-12T12:46:29.876Z",
            "object_repr": "Some vid",
            "object_id": "15",
            "change_message": "",
            "user": 1,
            "content_type": 19
        }
    },
    {
        "pk": 54,
        "model": "admin.logentry",
        "fields": {
            "action_flag": 1,
            "action_time": "2013-12-16T06:54:01.940Z",
            "object_repr": "Post object",
            "object_id": "1",
            "change_message": "",
            "user": 1,
            "content_type": 25
        }
    },
    {
        "pk": 55,
        "model": "admin.logentry",
        "fields": {
            "action_flag": 2,
            "action_time": "2013-12-18T12:01:10.355Z",
            "object_repr": "P N Rao Kormangala",
            "object_id": "57",
            "change_message": "No fields changed.",
            "user": 1,
            "content_type": 14
        }
    },
    {
        "pk": 56,
        "model": "admin.logentry",
        "fields": {
            "action_flag": 2,
            "action_time": "2013-12-18T12:01:17.233Z",
            "object_repr": "Sapna Kormangala",
            "object_id": "56",
            "change_message": "No fields changed.",
            "user": 1,
            "content_type": 14
        }
    },
    {
        "pk": 57,
        "model": "admin.logentry",
        "fields": {
            "action_flag": 2,
            "action_time": "2013-12-18T12:01:22.190Z",
            "object_repr": "Naturals Kormangala",
            "object_id": "55",
            "change_message": "No fields changed.",
            "user": 1,
            "content_type": 14
        }
    },
    {
        "pk": 58,
        "model": "admin.logentry",
        "fields": {
            "action_flag": 2,
            "action_time": "2013-12-18T12:01:27.553Z",
            "object_repr": "Starbucks Kormangala",
            "object_id": "54",
            "change_message": "No fields changed.",
            "user": 1,
            "content_type": 14
        }
    },
    {
        "pk": 59,
        "model": "admin.logentry",
        "fields": {
            "action_flag": 2,
            "action_time": "2013-12-18T12:05:16.662Z",
            "object_repr": "Starbucks wall 1",
            "object_id": "1",
            "change_message": "Changed thumbnail.",
            "user": 1,
            "content_type": 20
        }
    },
    {
        "pk": 60,
        "model": "admin.logentry",
        "fields": {
            "action_flag": 2,
            "action_time": "2013-12-18T12:05:34.252Z",
            "object_repr": "Starbucks wall 2",
            "object_id": "2",
            "change_message": "Changed thumbnail and file.",
            "user": 1,
            "content_type": 20
        }
    },
    {
        "pk": 61,
        "model": "admin.logentry",
        "fields": {
            "action_flag": 2,
            "action_time": "2013-12-18T12:05:51.718Z",
            "object_repr": "Starbucks wall 1",
            "object_id": "1",
            "change_message": "Changed thumbnail and file.",
            "user": 1,
            "content_type": 20
        }
    },
    {
        "pk": 62,
        "model": "admin.logentry",
        "fields": {
            "action_flag": 2,
            "action_time": "2013-12-18T12:06:09.901Z",
            "object_repr": "Starbucks wall 3",
            "object_id": "3",
            "change_message": "Changed thumbnail and file.",
            "user": 1,
            "content_type": 20
        }
    },
    {
        "pk": 63,
        "model": "admin.logentry",
        "fields": {
            "action_flag": 2,
            "action_time": "2013-12-18T12:06:27.165Z",
            "object_repr": "Starbucks wall 4",
            "object_id": "4",
            "change_message": "Changed thumbnail and file.",
            "user": 1,
            "content_type": 20
        }
    },
    {
        "pk": 64,
        "model": "admin.logentry",
        "fields": {
            "action_flag": 2,
            "action_time": "2013-12-18T12:06:44.856Z",
            "object_repr": "Naturals wall 1",
            "object_id": "5",
            "change_message": "Changed thumbnail and file.",
            "user": 1,
            "content_type": 20
        }
    },
    {
        "pk": 65,
        "model": "admin.logentry",
        "fields": {
            "action_flag": 2,
            "action_time": "2013-12-18T12:07:00.551Z",
            "object_repr": "Naturals wall 2",
            "object_id": "6",
            "change_message": "Changed thumbnail and file.",
            "user": 1,
            "content_type": 20
        }
    },
    {
        "pk": 66,
        "model": "admin.logentry",
        "fields": {
            "action_flag": 2,
            "action_time": "2013-12-18T12:07:20.188Z",
            "object_repr": "Naturals wall 3",
            "object_id": "7",
            "change_message": "Changed thumbnail and file.",
            "user": 1,
            "content_type": 20
        }
    },
    {
        "pk": 67,
        "model": "admin.logentry",
        "fields": {
            "action_flag": 2,
            "action_time": "2013-12-18T12:08:07.232Z",
            "object_repr": "Sapna wall",
            "object_id": "8",
            "change_message": "Changed thumbnail and file.",
            "user": 1,
            "content_type": 20
        }
    },
    {
        "pk": 68,
        "model": "admin.logentry",
        "fields": {
            "action_flag": 2,
            "action_time": "2013-12-18T12:08:23.528Z",
            "object_repr": "Sapna wall 2",
            "object_id": "9",
            "change_message": "Changed thumbnail and file.",
            "user": 1,
            "content_type": 20
        }
    },
    {
        "pk": 69,
        "model": "admin.logentry",
        "fields": {
            "action_flag": 2,
            "action_time": "2013-12-18T12:08:43.613Z",
            "object_repr": "Sapna wall 3",
            "object_id": "10",
            "change_message": "Changed thumbnail and file.",
            "user": 1,
            "content_type": 20
        }
    },
    {
        "pk": 70,
        "model": "admin.logentry",
        "fields": {
            "action_flag": 2,
            "action_time": "2013-12-18T12:09:02.717Z",
            "object_repr": "PN Rao wall 1",
            "object_id": "11",
            "change_message": "Changed thumbnail and file.",
            "user": 1,
            "content_type": 20
        }
    },
    {
        "pk": 71,
        "model": "admin.logentry",
        "fields": {
            "action_flag": 2,
            "action_time": "2013-12-18T12:09:47.718Z",
            "object_repr": "PN Rao wall 2",
            "object_id": "12",
            "change_message": "Changed thumbnail and file.",
            "user": 1,
            "content_type": 20
        }
    },
    {
        "pk": 72,
        "model": "admin.logentry",
        "fields": {
            "action_flag": 2,
            "action_time": "2013-12-18T12:10:05.951Z",
            "object_repr": "PN Rao wall 3",
            "object_id": "13",
            "change_message": "Changed thumbnail and file.",
            "user": 1,
            "content_type": 20
        }
    },
    {
        "pk": 73,
        "model": "admin.logentry",
        "fields": {
            "action_flag": 2,
            "action_time": "2013-12-18T12:12:06.114Z",
            "object_repr": "Some vid",
            "object_id": "15",
            "change_message": "Changed short_description, thumbnail, store and file.",
            "user": 1,
            "content_type": 19
        }
    },
    {
        "pk": 74,
        "model": "admin.logentry",
        "fields": {
            "action_flag": 2,
            "action_time": "2013-12-18T12:13:26.106Z",
            "object_repr": "Team Celebration",
            "object_id": "5",
            "change_message": "Changed image.",
            "user": 1,
            "content_type": 22
        }
    },
    {
        "pk": 75,
        "model": "admin.logentry",
        "fields": {
            "action_flag": 2,
            "action_time": "2013-12-18T12:13:33.279Z",
            "object_repr": "Oscar",
            "object_id": "4",
            "change_message": "Changed image.",
            "user": 1,
            "content_type": 22
        }
    },
    {
        "pk": 76,
        "model": "admin.logentry",
        "fields": {
            "action_flag": 2,
            "action_time": "2013-12-18T12:13:41.350Z",
            "object_repr": "Torres",
            "object_id": "3",
            "change_message": "Changed image.",
            "user": 1,
            "content_type": 22
        }
    },
    {
        "pk": 77,
        "model": "admin.logentry",
        "fields": {
            "action_flag": 2,
            "action_time": "2013-12-18T12:13:48.087Z",
            "object_repr": "Mata",
            "object_id": "2",
            "change_message": "Changed image.",
            "user": 1,
            "content_type": 22
        }
    },
    {
        "pk": 78,
        "model": "admin.logentry",
        "fields": {
            "action_flag": 2,
            "action_time": "2013-12-18T12:13:55.345Z",
            "object_repr": "Hazard",
            "object_id": "1",
            "change_message": "Changed image.",
            "user": 1,
            "content_type": 22
        }
    },
    {
        "pk": 79,
        "model": "admin.logentry",
        "fields": {
            "action_flag": 2,
            "action_time": "2013-12-18T12:16:41.276Z",
            "object_repr": "P N Rao",
            "object_id": "4",
            "change_message": "Changed logo.",
            "user": 1,
            "content_type": 12
        }
    },
    {
        "pk": 80,
        "model": "admin.logentry",
        "fields": {
            "action_flag": 2,
            "action_time": "2013-12-18T12:16:51.912Z",
            "object_repr": "Sapna",
            "object_id": "3",
            "change_message": "Changed logo.",
            "user": 1,
            "content_type": 12
        }
    },
    {
        "pk": 81,
        "model": "admin.logentry",
        "fields": {
            "action_flag": 2,
            "action_time": "2013-12-18T12:17:02.746Z",
            "object_repr": "Naturals",
            "object_id": "2",
            "change_message": "Changed logo.",
            "user": 1,
            "content_type": 12
        }
    },
    {
        "pk": 82,
        "model": "admin.logentry",
        "fields": {
            "action_flag": 2,
            "action_time": "2013-12-18T12:17:11.119Z",
            "object_repr": "Starbucks",
            "object_id": "1",
            "change_message": "Changed logo.",
            "user": 1,
            "content_type": 12
        }
    },
    {
        "pk": 83,
        "model": "admin.logentry",
        "fields": {
            "action_flag": 2,
            "action_time": "2013-12-18T12:25:02.785Z",
            "object_repr": "P N Rao",
            "object_id": "4",
            "change_message": "Changed logo.",
            "user": 1,
            "content_type": 12
        }
    },
    {
        "pk": 84,
        "model": "admin.logentry",
        "fields": {
            "action_flag": 2,
            "action_time": "2013-12-18T12:25:12.141Z",
            "object_repr": "Sapna",
            "object_id": "3",
            "change_message": "Changed logo.",
            "user": 1,
            "content_type": 12
        }
    },
    {
        "pk": 85,
        "model": "admin.logentry",
        "fields": {
            "action_flag": 2,
            "action_time": "2013-12-18T12:25:21.346Z",
            "object_repr": "Naturals",
            "object_id": "2",
            "change_message": "Changed logo.",
            "user": 1,
            "content_type": 12
        }
    },
    {
        "pk": 86,
        "model": "admin.logentry",
        "fields": {
            "action_flag": 2,
            "action_time": "2013-12-18T12:25:28.328Z",
            "object_repr": "Starbucks",
            "object_id": "1",
            "change_message": "Changed logo.",
            "user": 1,
            "content_type": 12
        }
    },
    {
        "pk": 87,
        "model": "admin.logentry",
        "fields": {
            "action_flag": 2,
            "action_time": "2013-12-18T12:26:31.358Z",
            "object_repr": "Starbucks wall 1",
            "object_id": "1",
            "change_message": "Changed thumbnail and file.",
            "user": 1,
            "content_type": 20
        }
    },
    {
        "pk": 88,
        "model": "admin.logentry",
        "fields": {
            "action_flag": 2,
            "action_time": "2013-12-18T12:26:43.658Z",
            "object_repr": "Starbucks wall 2",
            "object_id": "2",
            "change_message": "Changed thumbnail and file.",
            "user": 1,
            "content_type": 20
        }
    },
    {
        "pk": 89,
        "model": "admin.logentry",
        "fields": {
            "action_flag": 2,
            "action_time": "2013-12-18T12:27:02.908Z",
            "object_repr": "Starbucks wall 3",
            "object_id": "3",
            "change_message": "Changed thumbnail and file.",
            "user": 1,
            "content_type": 20
        }
    },
    {
        "pk": 90,
        "model": "admin.logentry",
        "fields": {
            "action_flag": 2,
            "action_time": "2013-12-18T12:27:17.283Z",
            "object_repr": "Starbucks wall 4",
            "object_id": "4",
            "change_message": "Changed thumbnail and file.",
            "user": 1,
            "content_type": 20
        }
    },
    {
        "pk": 91,
        "model": "admin.logentry",
        "fields": {
            "action_flag": 2,
            "action_time": "2013-12-18T12:27:32.073Z",
            "object_repr": "Naturals wall 1",
            "object_id": "5",
            "change_message": "Changed thumbnail and file.",
            "user": 1,
            "content_type": 20
        }
    },
    {
        "pk": 92,
        "model": "admin.logentry",
        "fields": {
            "action_flag": 2,
            "action_time": "2013-12-18T12:27:50.706Z",
            "object_repr": "Naturals wall 2",
            "object_id": "6",
            "change_message": "Changed thumbnail and file.",
            "user": 1,
            "content_type": 20
        }
    },
    {
        "pk": 93,
        "model": "admin.logentry",
        "fields": {
            "action_flag": 2,
            "action_time": "2013-12-18T12:28:07.206Z",
            "object_repr": "Naturals wall 3",
            "object_id": "7",
            "change_message": "Changed thumbnail and file.",
            "user": 1,
            "content_type": 20
        }
    },
    {
        "pk": 94,
        "model": "admin.logentry",
        "fields": {
            "action_flag": 2,
            "action_time": "2013-12-18T12:28:21.994Z",
            "object_repr": "Sapna wall",
            "object_id": "8",
            "change_message": "Changed thumbnail and file.",
            "user": 1,
            "content_type": 20
        }
    },
    {
        "pk": 95,
        "model": "admin.logentry",
        "fields": {
            "action_flag": 2,
            "action_time": "2013-12-18T12:28:39.038Z",
            "object_repr": "Sapna wall 2",
            "object_id": "9",
            "change_message": "Changed thumbnail and file.",
            "user": 1,
            "content_type": 20
        }
    },
    {
        "pk": 96,
        "model": "admin.logentry",
        "fields": {
            "action_flag": 2,
            "action_time": "2013-12-18T12:28:52.548Z",
            "object_repr": "Sapna wall 3",
            "object_id": "10",
            "change_message": "Changed thumbnail and file.",
            "user": 1,
            "content_type": 20
        }
    },
    {
        "pk": 97,
        "model": "admin.logentry",
        "fields": {
            "action_flag": 2,
            "action_time": "2013-12-18T12:29:09.006Z",
            "object_repr": "PN Rao wall 1",
            "object_id": "11",
            "change_message": "Changed thumbnail and file.",
            "user": 1,
            "content_type": 20
        }
    },
    {
        "pk": 98,
        "model": "admin.logentry",
        "fields": {
            "action_flag": 2,
            "action_time": "2013-12-18T12:29:21.526Z",
            "object_repr": "PN Rao wall 2",
            "object_id": "12",
            "change_message": "Changed thumbnail and file.",
            "user": 1,
            "content_type": 20
        }
    },
    {
        "pk": 99,
        "model": "admin.logentry",
        "fields": {
            "action_flag": 2,
            "action_time": "2013-12-18T12:29:36.572Z",
            "object_repr": "PN Rao wall 3",
            "object_id": "13",
            "change_message": "Changed thumbnail and file.",
            "user": 1,
            "content_type": 20
        }
    }
]