[
    {
        "pk": 1,
        "model": "contenttypes.contenttype",
        "fields": {
            "model": "permission",
            "name": "permission",
            "app_label": "auth"
        }
    },
    {
        "pk": 2,
        "model": "contenttypes.contenttype",
        "fields": {
            "model": "group",
            "name": "group",
            "app_label": "auth"
        }
    },
    {
        "pk": 3,
        "model": "contenttypes.contenttype",
        "fields": {
            "model": "user",
            "name": "user",
            "app_label": "auth"
        }
    },
    {
        "pk": 4,
        "model": "contenttypes.contenttype",
        "fields": {
            "model": "contenttype",
            "name": "content type",
            "app_label": "contenttypes"
        }
    },
    {
        "pk": 5,
        "model": "contenttypes.contenttype",
        "fields": {
            "model": "session",
            "name": "session",
            "app_label": "sessions"
        }
    },
    {
        "pk": 6,
        "model": "contenttypes.contenttype",
        "fields": {
            "model": "site",
            "name": "site",
            "app_label": "sites"
        }
    },
    {
        "pk": 7,
        "model": "contenttypes.contenttype",
        "fields": {
            "model": "migrationhistory",
            "name": "migration history",
            "app_label": "south"
        }
    },
    {
        "pk": 8,
        "model": "contenttypes.contenttype",
        "fields": {
            "model": "logentry",
            "name": "log entry",
            "app_label": "admin"
        }
    },
    {
        "pk": 9,
        "model": "contenttypes.contenttype",
        "fields": {
            "model": "state",
            "name": "state",
            "app_label": "core"
        }
    },
    {
        "pk": 10,
        "model": "contenttypes.contenttype",
        "fields": {
            "model": "city",
            "name": "City",
            "app_label": "core"
        }
    },
    {
        "pk": 11,
        "model": "contenttypes.contenttype",
        "fields": {
            "model": "country",
            "name": "country",
            "app_label": "core"
        }
    },
    {
        "pk": 12,
        "model": "contenttypes.contenttype",
        "fields": {
            "model": "brand",
            "name": "brand",
            "app_label": "core"
        }
    },
    {
        "pk": 13,
        "model": "contenttypes.contenttype",
        "fields": {
            "model": "cluster",
            "name": "cluster",
            "app_label": "core"
        }
    },
    {
        "pk": 14,
        "model": "contenttypes.contenttype",
        "fields": {
            "model": "store",
            "name": "store",
            "app_label": "core"
        }
    },
    {
        "pk": 15,
        "model": "contenttypes.contenttype",
        "fields": {
            "model": "storefeedback",
            "name": "store feedback",
            "app_label": "core"
        }
    },
    {
        "pk": 16,
        "model": "contenttypes.contenttype",
        "fields": {
            "model": "device",
            "name": "device",
            "app_label": "core"
        }
    },
    {
        "pk": 17,
        "model": "contenttypes.contenttype",
        "fields": {
            "model": "contenttype",
            "name": "content type",
            "app_label": "core"
        }
    },
    {
        "pk": 18,
        "model": "contenttypes.contenttype",
        "fields": {
            "model": "content",
            "name": "content",
            "app_label": "core"
        }
    },
    {
        "pk": 19,
        "model": "contenttypes.contenttype",
        "fields": {
            "model": "audio",
            "name": "audio",
            "app_label": "core"
        }
    },
    {
        "pk": 20,
        "model": "contenttypes.contenttype",
        "fields": {
            "model": "video",
            "name": "video",
            "app_label": "core"
        }
    },
    {
        "pk": 21,
        "model": "contenttypes.contenttype",
        "fields": {
            "model": "wallpaper",
            "name": "wallpaper",
            "app_label": "core"
        }
    },
    {
        "pk": 22,
        "model": "contenttypes.contenttype",
        "fields": {
            "model": "web",
            "name": "web",
            "app_label": "core"
        }
    },
    {
        "pk": 23,
        "model": "contenttypes.contenttype",
        "fields": {
            "model": "webcontent",
            "name": "web content",
            "app_label": "core"
        }
    },
    {
        "pk": 24,
        "model": "contenttypes.contenttype",
        "fields": {
            "model": "image",
            "name": "image",
            "app_label": "core"
        }
    },
    {
        "pk": 25,
        "model": "contenttypes.contenttype",
        "fields": {
            "model": "slideshowimage",
            "name": "slide show image",
            "app_label": "core"
        }
    },
    {
        "pk": 26,
        "model": "contenttypes.contenttype",
        "fields": {
            "model": "slideshow",
            "name": "slide show",
            "app_label": "core"
        }
    },
    {
        "pk": "7qxk8yfrfuipg8qkofsyzbjgbr8w1iqe",
        "model": "sessions.session",
        "fields": {
            "expire_date": "2014-01-09T09:12:24.428Z",
            "session_data": "OWJjNzBmZWFlNTQyMzk1ZWM1Y2Q5YWFiMTEyYmRmMjZmMDgyZTQ0NDp7Il9hdXRoX3VzZXJfYmFja2VuZCI6ImRqYW5nby5jb250cmliLmF1dGguYmFja2VuZHMuTW9kZWxCYWNrZW5kIiwiX2F1dGhfdXNlcl9pZCI6MX0="
        }
    },
    {
        "pk": 1,
        "model": "sites.site",
        "fields": {
            "domain": "example.com",
            "name": "example.com"
        }
    },
    {
        "pk": 1,
        "model": "core.state",
        "fields": {
            "modified": "2013-12-11T09:45:38.282Z",
            "name": "Karnataka",
            "created": "2013-12-11T09:45:38.282Z"
        }
    },
    {
        "pk": 1,
        "model": "core.city",
        "fields": {
            "modified": "2013-12-11T09:45:38.276Z",
            "name": "Bangalore",
            "created": "2013-12-11T09:45:38.276Z"
        }
    },
    {
        "pk": 1,
        "model": "core.brand",
        "fields": {
            "description": "",
            "created": "2013-12-11T06:15:22.215Z",
            "modified": "2013-12-26T09:36:14.155Z",
            "bg_color": "",
            "competitors": [],
            "bg_image": "",
            "slug_name": "starbucks",
            "logo": "thumbnails/ad4a51af-db56-48dc-94e7-087322ad1e7b.jpg",
            "name": "Starbucks"
        }
    },
    {
        "pk": 2,
        "model": "core.brand",
        "fields": {
            "description": "",
            "created": "2013-12-11T09:39:29.156Z",
            "modified": "2013-12-26T09:14:08.375Z",
            "bg_color": "",
            "competitors": [],
            "bg_image": "",
            "slug_name": "naturals",
            "logo": "thumbnails/7ed3fac6-ac01-4698-88a7-f29c18385267.jpg",
            "name": "Naturals"
        }
    },
    {
        "pk": 3,
        "model": "core.brand",
        "fields": {
            "description": "",
            "created": "2013-12-11T09:41:12.947Z",
            "modified": "2013-12-26T09:13:44.106Z",
            "bg_color": "",
            "competitors": [],
            "bg_image": "",
            "slug_name": "sapna",
            "logo": "thumbnails/f153b2a4-b36c-4602-b8c7-eac4b765a2be.jpg",
            "name": "Sapna"
        }
    },
    {
        "pk": 4,
        "model": "core.brand",
        "fields": {
            "description": "",
            "created": "2013-12-11T09:43:10.452Z",
            "modified": "2013-12-26T09:13:26.377Z",
            "bg_color": "",
            "competitors": [],
            "bg_image": "",
            "slug_name": "pnrao",
            "logo": "thumbnails/900ec6c9-443c-4307-8706-c39259459e78.jpg",
            "name": "P N Rao"
        }
    },
    {
        "pk": 1,
        "model": "core.cluster",
        "fields": {
            "city": 1,
            "description": "",
            "locality": "Kormangala",
            "created": "2013-12-11T06:15:40.469Z",
            "modified": "2013-12-11T06:15:40.638Z",
            "state": 1,
            "map_name": null,
            "name": "Kormangala Bangalore"
        }
    },
    {
        "pk": 54,
        "model": "core.store",
        "fields": {
            "city": 1,
            "pin_code": "",
            "cluster": 1,
            "description": "",
            "created": "2013-12-11T09:34:05.679Z",
            "brand": 1,
            "modified": "2013-12-26T09:32:28.512Z",
            "longitude": "77.612211",
            "mail_id": "",
            "map_name": "b5f3e7da-50f8-41d1-96e6-529687286dbf.png",
            "address_first_line": "Some first line address",
            "state": 1,
            "slug_name": "starbucks_kormangala",
            "contact_number": "",
            "latitude": "12.935103",
            "address_second_line": "",
            "name": "Starbucks Kormangala"
        }
    },
    {
        "pk": 55,
        "model": "core.store",
        "fields": {
            "city": 1,
            "pin_code": "",
            "cluster": 1,
            "description": "",
            "created": "2013-12-11T09:39:33.995Z",
            "brand": 2,
            "modified": "2013-12-26T09:32:23.892Z",
            "longitude": "77.611997",
            "mail_id": "",
            "map_name": "e4d69442-162f-46b5-83b9-8741e2e00bcf.png",
            "address_first_line": "Some first line address",
            "state": 1,
            "slug_name": "naturals_kormangala",
            "contact_number": "",
            "latitude": "12.934653",
            "address_second_line": "",
            "name": "Naturals Kormangala"
        }
    },
    {
        "pk": 56,
        "model": "core.store",
        "fields": {
            "city": 1,
            "pin_code": "",
            "cluster": 1,
            "description": "",
            "created": "2013-12-11T09:41:17.649Z",
            "brand": 3,
            "modified": "2013-12-26T09:32:19.466Z",
            "longitude": "77.622653",
            "mail_id": "",
            "map_name": "a131abf3-cf9c-4272-8b43-76e85453d7eb.png",
            "address_first_line": "Some first line address",
            "state": 1,
            "slug_name": "sapna_kormangala",
            "contact_number": "",
            "latitude": "12.931258",
            "address_second_line": "",
            "name": "Sapna Kormangala"
        }
    },
    {
        "pk": 57,
        "model": "core.store",
        "fields": {
            "city": 1,
            "pin_code": "",
            "cluster": 1,
            "description": "",
            "created": "2013-12-11T09:43:14.927Z",
            "brand": 4,
            "modified": "2013-12-26T09:32:11.483Z",
            "longitude": "77.617396",
            "mail_id": "",
            "map_name": "16ac6128-6459-48b8-815d-b51866a32734.png",
            "address_first_line": "Some first line address",
            "state": 1,
            "slug_name": "pnrao_kormangala",
            "contact_number": "",
            "latitude": "12.927321",
            "address_second_line": "",
            "name": "P N Rao Kormangala"
        }
    },
    {
        "pk": 1,
        "model": "core.storefeedback",
        "fields": {
            "phone_number": "919916069437",
            "name": "Nagkumar A",
            "created": "2013-12-26T09:36:26.863Z",
            "email_id": "nagkumar91@gmail.com",
            "modified": "2013-12-26T09:36:26.866Z",
            "message": "Some message 1",
            "store": 54
        }
    },
    {
        "pk": 2,
        "model": "core.storefeedback",
        "fields": {
            "phone_number": "919916069437",
            "name": "Nagkumar A",
            "created": "2013-12-26T09:36:44.322Z",
            "email_id": "nagkumar91@gmail.com",
            "modified": "2013-12-26T09:36:44.323Z",
            "message": "Another message\r\n",
            "store": 54
        }
    },
    {
        "pk": 1,
        "model": "core.device",
        "fields": {
            "created": "2013-12-26T09:31:35.848Z",
            "modified": "2013-12-26T09:31:35.878Z",
            "mac_address": "",
            "type": "Simple",
            "store": 57,
            "device_id": 121
        }
    },
    {
        "pk": 1,
        "model": "core.contenttype",
        "fields": {
            "modified": "2013-12-11T09:48:27.541Z",
            "name": "Wallpaper",
            "created": "2013-12-11T09:48:27.482Z"
        }
    },
    {
        "pk": 2,
        "model": "core.contenttype",
        "fields": {
            "modified": "2013-12-12T05:28:54.820Z",
            "name": "Slide Show",
            "created": "2013-12-12T05:28:54.767Z"
        }
    },
    {
        "pk": 3,
        "model": "core.contenttype",
        "fields": {
            "modified": "2013-12-12T12:45:16.285Z",
            "name": "Video",
            "created": "2013-12-12T12:45:16.267Z"
        }
    },
    {
        "pk": 4,
        "model": "core.contenttype",
        "fields": {
            "modified": "2013-12-26T09:19:38.344Z",
            "name": "Audio",
            "created": "2013-12-26T09:19:38.334Z"
        }
    },
    {
        "pk": 1,
        "model": "core.content",
        "fields": {
            "rating": 5,
            "archived": false,
            "end_date": "2014-01-10",
            "description": "",
            "no_of_people_rated": 1,
            "created": "2013-12-11T09:49:25.428Z",
            "thumbnail": "thumbnails/cbcda461-b21b-4e54-997a-bdad19b6d3db.jpg",
            "modified": "2013-12-26T09:50:27.222Z",
            "name": "Starbucks wall 1",
            "active": true,
            "content_type": 1,
            "short_description": "Starbucks wall on home",
            "start_date": "2013-12-11",
            "store": [54],
            "show_on_home": true
        }
    },
    {
        "pk": 2,
        "model": "core.content",
        "fields": {
            "rating": 5,
            "archived": false,
            "end_date": "2014-01-10",
            "description": "",
            "no_of_people_rated": 1,
            "created": "2013-12-11T09:50:00.981Z",
            "thumbnail": "thumbnails/72b00be5-7b86-4d2e-b643-1fbdc29bebf9.jpg",
            "modified": "2013-12-26T09:51:12.494Z",
            "name": "Starbucks wall 2",
            "active": true,
            "content_type": 1,
            "short_description": "Some wallpaper which appears on starbucks",
            "start_date": "2013-12-11",
            "store": [54],
            "show_on_home": false
        }
    },
    {
        "pk": 3,
        "model": "core.content",
        "fields": {
            "rating": 5,
            "archived": false,
            "end_date": "2014-01-10",
            "description": "",
            "no_of_people_rated": 1,
            "created": "2013-12-11T09:50:32.306Z",
            "thumbnail": "thumbnails/46b5b976-47a1-423e-aabb-cc6e0a21e1ed.jpg",
            "modified": "2013-12-26T09:51:28.808Z",
            "name": "Starbucks wall 3",
            "active": true,
            "content_type": 1,
            "short_description": "Some wallpaper which appears on starbucks",
            "start_date": "2013-12-11",
            "store": [54],
            "show_on_home": false
        }
    },
    {
        "pk": 4,
        "model": "core.content",
        "fields": {
            "rating": 5,
            "archived": false,
            "end_date": "2014-01-10",
            "description": "",
            "no_of_people_rated": 1,
            "created": "2013-12-11T09:51:08.041Z",
            "thumbnail": "thumbnails/fe6e9893-1d62-4f1b-8293-ff24600c4fe3.jpg",
            "modified": "2013-12-26T09:51:43.842Z",
            "name": "Starbucks wall 4",
            "active": true,
            "content_type": 1,
            "short_description": "Some wallpaper which appears on starbucks",
            "start_date": "2013-12-11",
            "store": [54],
            "show_on_home": false
        }
    },
    {
        "pk": 5,
        "model": "core.content",
        "fields": {
            "rating": 5,
            "archived": false,
            "end_date": "2014-01-10",
            "description": "",
            "no_of_people_rated": 1,
            "created": "2013-12-11T09:51:47.011Z",
            "thumbnail": "thumbnails/c25ad17a-8fca-4973-87bd-b7f0611d5eff.jpg",
            "modified": "2013-12-26T09:49:33.117Z",
            "name": "Naturals wall 1",
            "active": true,
            "content_type": 1,
            "short_description": "Some wallpaper which appears on naturals wall",
            "start_date": "2013-12-11",
            "store": [55],
            "show_on_home": true
        }
    },
    {
        "pk": 6,
        "model": "core.content",
        "fields": {
            "rating": 5,
            "archived": false,
            "end_date": "2014-01-10",
            "description": "",
            "no_of_people_rated": 1,
            "created": "2013-12-11T09:52:12.522Z",
            "thumbnail": "thumbnails/3c1b83ac-ef11-4635-a014-98e07bf65e5b.jpg",
            "modified": "2013-12-26T09:49:50.313Z",
            "name": "Naturals wall 2",
            "active": true,
            "content_type": 1,
            "short_description": "Some wallpaper which appears on naturals",
            "start_date": "2013-12-11",
            "store": [55],
            "show_on_home": false
        }
    },
    {
        "pk": 7,
        "model": "core.content",
        "fields": {
            "rating": 5,
            "archived": false,
            "end_date": "2014-01-10",
            "description": "",
            "no_of_people_rated": 1,
            "created": "2013-12-11T09:52:41.589Z",
            "thumbnail": "thumbnails/324a68fd-d029-40ed-ab13-44df5161e2ce.jpg",
            "modified": "2013-12-26T09:50:08.107Z",
            "name": "Naturals wall 3",
            "active": true,
            "content_type": 1,
            "short_description": "Some wallpaper which appears on naturals",
            "start_date": "2013-12-11",
            "store": [55],
            "show_on_home": false
        }
    },
    {
        "pk": 8,
        "model": "core.content",
        "fields": {
            "rating": 5,
            "archived": false,
            "end_date": "2014-01-10",
            "description": "",
            "no_of_people_rated": 1,
            "created": "2013-12-11T09:53:31.582Z",
            "thumbnail": "thumbnails/346acfdd-f25d-44a2-ae5e-ed5def93eda8.jpg",
            "modified": "2013-12-26T09:49:15.102Z",
            "name": "Sapna wall",
            "active": true,
            "content_type": 1,
            "short_description": "Some wallpaper which appears on Sapna wall",
            "start_date": "2013-12-11",
            "store": [56],
            "show_on_home": true
        }
    },
    {
        "pk": 9,
        "model": "core.content",
        "fields": {
            "rating": 5,
            "archived": false,
            "end_date": "2014-01-10",
            "description": "",
            "no_of_people_rated": 1,
            "created": "2013-12-11T09:54:05.503Z",
            "thumbnail": "thumbnails/1ba1696c-844f-4029-813b-89bdd43cde7f.jpg",
            "modified": "2013-12-26T09:49:03.896Z",
            "name": "Sapna wall 2",
            "active": true,
            "content_type": 1,
            "short_description": "Some wallpaper which appears on Sapna",
            "start_date": "2013-12-11",
            "store": [56],
            "show_on_home": false
        }
    },
    {
        "pk": 10,
        "model": "core.content",
        "fields": {
            "rating": 5,
            "archived": false,
            "end_date": "2014-01-10",
            "description": "",
            "no_of_people_rated": 1,
            "created": "2013-12-11T09:54:37.602Z",
            "thumbnail": "thumbnails/07122df0-5e72-4311-bad7-d0e4d1893089.jpg",
            "modified": "2013-12-26T09:48:44.170Z",
            "name": "Sapna wall 3",
            "active": true,
            "content_type": 1,
            "short_description": "Some wallpaper which appears on Sapna",
            "start_date": "2013-12-11",
            "store": [56],
            "show_on_home": false
        }
    },
    {
        "pk": 11,
        "model": "core.content",
        "fields": {
            "rating": 5,
            "archived": false,
            "end_date": "2014-01-10",
            "description": "",
            "no_of_people_rated": 1,
            "created": "2013-12-11T09:55:09.083Z",
            "thumbnail": "thumbnails/27c6b754-b776-4914-97c5-98f15ff13f62.jpg",
            "modified": "2013-12-26T09:47:56.715Z",
            "name": "PN Rao wall 1",
            "active": true,
            "content_type": 1,
            "short_description": "Some wallpaper which appears on PN Rao wall",
            "start_date": "2013-12-11",
            "store": [57],
            "show_on_home": true
        }
    },
    {
        "pk": 12,
        "model": "core.content",
        "fields": {
            "rating": 5,
            "archived": false,
            "end_date": "2014-01-10",
            "description": "",
            "no_of_people_rated": 1,
            "created": "2013-12-11T09:55:34.702Z",
            "thumbnail": "thumbnails/aa1ea427-d0fb-4a0d-b563-6e17b4e13465.jpg",
            "modified": "2013-12-26T09:48:09.700Z",
            "name": "PN Rao wall 2",
            "active": true,
            "content_type": 1,
            "short_description": "Some wallpaper which appears on PN Rao",
            "start_date": "2013-12-11",
            "store": [57],
            "show_on_home": false
        }
    },
    {
        "pk": 13,
        "model": "core.content",
        "fields": {
            "rating": 5,
            "archived": false,
            "end_date": "2014-01-10",
            "description": "",
            "no_of_people_rated": 1,
            "created": "2013-12-11T09:56:44.746Z",
            "thumbnail": "thumbnails/075311a5-fbe7-41f2-8390-5278de4f22d4.jpg",
            "modified": "2013-12-26T09:48:25.212Z",
            "name": "PN Rao wall 3",
            "active": true,
            "content_type": 1,
            "short_description": "Some wallpaper which appears on PN Rao",
            "start_date": "2013-12-11",
            "store": [57],
            "show_on_home": false
        }
    },
    {
        "pk": 14,
        "model": "core.content",
        "fields": {
            "rating": 5,
            "archived": false,
            "end_date": "2014-01-10",
            "description": "",
            "no_of_people_rated": 1,
            "created": "2013-12-12T05:36:36.772Z",
            "thumbnail": "thumbnails/6abaee60-7f5a-4661-843c-a04370f98145.jpg",
            "modified": "2013-12-26T09:46:06.944Z",
            "name": "Some slideshow 1",
            "active": true,
            "content_type": 2,
            "short_description": "Some slideshow description",
            "start_date": "2013-12-11",
            "store": [54],
            "show_on_home": false
        }
    },
    {
        "pk": 15,
        "model": "core.content",
        "fields": {
            "rating": 5,
            "archived": false,
            "end_date": "2014-01-11",
            "description": "",
            "no_of_people_rated": 1,
            "created": "2013-12-12T12:46:27.640Z",
            "thumbnail": "thumbnails/5a747188-10c5-4380-9cb6-2828cd4b90e0.jpg",
            "modified": "2013-12-26T09:46:52.014Z",
            "name": "Some vid",
            "active": true,
            "content_type": 3,
            "short_description": "Some description about video",
            "start_date": "2013-12-12",
            "store": [57, 56, 55, 54],
            "show_on_home": false
        }
    },
    {
        "pk": 16,
        "model": "core.content",
        "fields": {
            "rating": 5,
            "archived": false,
            "end_date": "2014-01-25",
            "description": "",
            "no_of_people_rated": 1,
            "created": "2013-12-26T09:19:55.192Z",
            "thumbnail": "thumbnails/2ec7cc32-ced5-40cb-8d04-e47126e9868a.jpg",
            "modified": "2013-12-26T09:19:55.324Z",
            "name": "My heart goes on",
            "active": true,
            "content_type": 4,
            "short_description": "Titanic's song by Celine Dion",
            "start_date": "2013-12-26",
            "store": [56, 57, 54, 55],
            "show_on_home": false
        }
    },
    {
        "pk": 16,
        "model": "core.audio",
        "fields": {
            "store": [56, 57, 54, 55],
            "file": "audio/871ce908-1942-42fc-a273-4bb8c81c573c.mp3"
        }
    },
    {
        "pk": 15,
        "model": "core.video",
        "fields": {
            "store": [57, 56, 55, 54],
            "file": "video/624b59be-0152-4564-ac14-3d53f287e0e4.mp4"
        }
    },
    {
        "pk": 1,
        "model": "core.wallpaper",
        "fields": {
            "store": [54],
            "file": "wallpaper/4ac36f7f-47c4-4e0b-a490-c4fb86e4c677.jpg"
        }
    },
    {
        "pk": 2,
        "model": "core.wallpaper",
        "fields": {
            "store": [54],
            "file": "wallpaper/3b49ab3e-64ea-4860-860a-4b3b93327d73.jpg"
        }
    },
    {
        "pk": 3,
        "model": "core.wallpaper",
        "fields": {
            "store": [54],
            "file": "wallpaper/d03d5b1f-0a5e-430e-8bf9-13a74cb0fd6a.jpg"
        }
    },
    {
        "pk": 4,
        "model": "core.wallpaper",
        "fields": {
            "store": [54],
            "file": "wallpaper/12ba1f3c-1461-44d2-aff6-3ee17eefd522.jpg"
        }
    },
    {
        "pk": 5,
        "model": "core.wallpaper",
        "fields": {
            "store": [55],
            "file": "wallpaper/36fda014-80d7-4d4c-9b22-6f8a132a37d1.jpg"
        }
    },
    {
        "pk": 6,
        "model": "core.wallpaper",
        "fields": {
            "store": [55],
            "file": "wallpaper/9a85cede-d7eb-4578-adfb-2476c2606489.jpg"
        }
    },
    {
        "pk": 7,
        "model": "core.wallpaper",
        "fields": {
            "store": [55],
            "file": "wallpaper/ffaad641-29f5-4e05-bcd8-86fb93b7744f.jpg"
        }
    },
    {
        "pk": 8,
        "model": "core.wallpaper",
        "fields": {
            "store": [56],
            "file": "wallpaper/ee7af069-08fb-4c06-9578-e4dd2db9537d.jpg"
        }
    },
    {
        "pk": 9,
        "model": "core.wallpaper",
        "fields": {
            "store": [56],
            "file": "wallpaper/354b5d98-3801-4012-9c58-2ecb5879b11a.jpg"
        }
    },
    {
        "pk": 10,
        "model": "core.wallpaper",
        "fields": {
            "store": [56],
            "file": "wallpaper/d6a3669f-4c16-415f-9231-859c822f8ae4.jpg"
        }
    },
    {
        "pk": 11,
        "model": "core.wallpaper",
        "fields": {
            "store": [57],
            "file": "wallpaper/55ab31ae-d1eb-4d9e-8d94-83c11b85baea.jpg"
        }
    },
    {
        "pk": 12,
        "model": "core.wallpaper",
        "fields": {
            "store": [57],
            "file": "wallpaper/1fc80174-cf06-420d-86c1-12d2b7c6893c.jpg"
        }
    },
    {
        "pk": 13,
        "model": "core.wallpaper",
        "fields": {
            "store": [57],
            "file": "wallpaper/f24a0790-6ba9-4c3b-8142-a7bed2bf420d.jpg"
        }
    },
    {
        "pk": 1,
        "model": "core.image",
        "fields": {
            "target_url": "",
            "name": "Hazard",
            "created": "2013-12-12T05:33:48.550Z",
            "image": "images/0aca6bdf-0d48-4e0a-b16a-d7a9e92bcb88.jpg",
            "modified": "2013-12-26T09:45:35.159Z",
            "caption": "Hazard the magician"
        }
    },
    {
        "pk": 2,
        "model": "core.image",
        "fields": {
            "target_url": "",
            "name": "Mata",
            "created": "2013-12-12T05:34:30.060Z",
            "image": "images/646d1030-8955-4368-ab2d-68db15b03342.jpg",
            "modified": "2013-12-26T09:45:19.611Z",
            "caption": "Best CAM in the world"
        }
    },
    {
        "pk": 3,
        "model": "core.image",
        "fields": {
            "target_url": "",
            "name": "Torres",
            "created": "2013-12-12T05:35:38.548Z",
            "image": "images/04d95e44-385f-4bd2-a452-d1e12ce13340.jpg",
            "modified": "2013-12-26T09:44:46.244Z",
            "caption": "Torres the good old striker"
        }
    },
    {
        "pk": 4,
        "model": "core.image",
        "fields": {
            "target_url": "",
            "name": "Oscar",
            "created": "2013-12-12T05:36:02.701Z",
            "image": "images/e9602a3b-af67-480b-8f7b-7c46b85a06fc.jpg",
            "modified": "2013-12-26T09:44:38.706Z",
            "caption": "Young Brazilian"
        }
    },
    {
        "pk": 5,
        "model": "core.image",
        "fields": {
            "target_url": "",
            "name": "Team Celebration",
            "created": "2013-12-12T05:36:30.937Z",
            "image": "images/b00e3096-c6b6-4493-b28c-0e00574bba9b.jpg",
            "modified": "2013-12-26T09:44:31.523Z",
            "caption": "Chelsea team celebrating"
        }
    },
    {
        "pk": 1,
        "model": "core.slideshowimage",
        "fields": {
            "image": 1,
            "slideshow": 14,
            "order": 2
        }
    },
    {
        "pk": 2,
        "model": "core.slideshowimage",
        "fields": {
            "image": 2,
            "slideshow": 14,
            "order": 1
        }
    },
    {
        "pk": 3,
        "model": "core.slideshowimage",
        "fields": {
            "image": 3,
            "slideshow": 14,
            "order": 3
        }
    },
    {
        "pk": 4,
        "model": "core.slideshowimage",
        "fields": {
            "image": 4,
            "slideshow": 14,
            "order": 4
        }
    },
    {
        "pk": 5,
        "model": "core.slideshowimage",
        "fields": {
            "image": 5,
            "slideshow": 14,
            "order": 5
        }
    },
    {
        "pk": 14,
        "model": "core.slideshow",
        "fields": {
            "store": [54]
        }
    },
    {
        "pk": 1,
        "model": "auth.permission",
        "fields": {
            "codename": "add_permission",
            "name": "Can add permission",
            "content_type": 1
        }
    },
    {
        "pk": 2,
        "model": "auth.permission",
        "fields": {
            "codename": "change_permission",
            "name": "Can change permission",
            "content_type": 1
        }
    },
    {
        "pk": 3,
        "model": "auth.permission",
        "fields": {
            "codename": "delete_permission",
            "name": "Can delete permission",
            "content_type": 1
        }
    },
    {
        "pk": 4,
        "model": "auth.permission",
        "fields": {
            "codename": "add_group",
            "name": "Can add group",
            "content_type": 2
        }
    },
    {
        "pk": 5,
        "model": "auth.permission",
        "fields": {
            "codename": "change_group",
            "name": "Can change group",
            "content_type": 2
        }
    },
    {
        "pk": 6,
        "model": "auth.permission",
        "fields": {
            "codename": "delete_group",
            "name": "Can delete group",
            "content_type": 2
        }
    },
    {
        "pk": 7,
        "model": "auth.permission",
        "fields": {
            "codename": "add_user",
            "name": "Can add user",
            "content_type": 3
        }
    },
    {
        "pk": 8,
        "model": "auth.permission",
        "fields": {
            "codename": "change_user",
            "name": "Can change user",
            "content_type": 3
        }
    },
    {
        "pk": 9,
        "model": "auth.permission",
        "fields": {
            "codename": "delete_user",
            "name": "Can delete user",
            "content_type": 3
        }
    },
    {
        "pk": 10,
        "model": "auth.permission",
        "fields": {
            "codename": "add_contenttype",
            "name": "Can add content type",
            "content_type": 4
        }
    },
    {
        "pk": 11,
        "model": "auth.permission",
        "fields": {
            "codename": "change_contenttype",
            "name": "Can change content type",
            "content_type": 4
        }
    },
    {
        "pk": 12,
        "model": "auth.permission",
        "fields": {
            "codename": "delete_contenttype",
            "name": "Can delete content type",
            "content_type": 4
        }
    },
    {
        "pk": 13,
        "model": "auth.permission",
        "fields": {
            "codename": "add_session",
            "name": "Can add session",
            "content_type": 5
        }
    },
    {
        "pk": 14,
        "model": "auth.permission",
        "fields": {
            "codename": "change_session",
            "name": "Can change session",
            "content_type": 5
        }
    },
    {
        "pk": 15,
        "model": "auth.permission",
        "fields": {
            "codename": "delete_session",
            "name": "Can delete session",
            "content_type": 5
        }
    },
    {
        "pk": 16,
        "model": "auth.permission",
        "fields": {
            "codename": "add_site",
            "name": "Can add site",
            "content_type": 6
        }
    },
    {
        "pk": 17,
        "model": "auth.permission",
        "fields": {
            "codename": "change_site",
            "name": "Can change site",
            "content_type": 6
        }
    },
    {
        "pk": 18,
        "model": "auth.permission",
        "fields": {
            "codename": "delete_site",
            "name": "Can delete site",
            "content_type": 6
        }
    },
    {
        "pk": 19,
        "model": "auth.permission",
        "fields": {
            "codename": "add_migrationhistory",
            "name": "Can add migration history",
            "content_type": 7
        }
    },
    {
        "pk": 20,
        "model": "auth.permission",
        "fields": {
            "codename": "change_migrationhistory",
            "name": "Can change migration history",
            "content_type": 7
        }
    },
    {
        "pk": 21,
        "model": "auth.permission",
        "fields": {
            "codename": "delete_migrationhistory",
            "name": "Can delete migration history",
            "content_type": 7
        }
    },
    {
        "pk": 22,
        "model": "auth.permission",
        "fields": {
            "codename": "add_logentry",
            "name": "Can add log entry",
            "content_type": 8
        }
    },
    {
        "pk": 23,
        "model": "auth.permission",
        "fields": {
            "codename": "change_logentry",
            "name": "Can change log entry",
            "content_type": 8
        }
    },
    {
        "pk": 24,
        "model": "auth.permission",
        "fields": {
            "codename": "delete_logentry",
            "name": "Can delete log entry",
            "content_type": 8
        }
    },
    {
        "pk": 25,
        "model": "auth.permission",
        "fields": {
            "codename": "add_state",
            "name": "Can add state",
            "content_type": 9
        }
    },
    {
        "pk": 26,
        "model": "auth.permission",
        "fields": {
            "codename": "change_state",
            "name": "Can change state",
            "content_type": 9
        }
    },
    {
        "pk": 27,
        "model": "auth.permission",
        "fields": {
            "codename": "delete_state",
            "name": "Can delete state",
            "content_type": 9
        }
    },
    {
        "pk": 28,
        "model": "auth.permission",
        "fields": {
            "codename": "add_city",
            "name": "Can add City",
            "content_type": 10
        }
    },
    {
        "pk": 29,
        "model": "auth.permission",
        "fields": {
            "codename": "change_city",
            "name": "Can change City",
            "content_type": 10
        }
    },
    {
        "pk": 30,
        "model": "auth.permission",
        "fields": {
            "codename": "delete_city",
            "name": "Can delete City",
            "content_type": 10
        }
    },
    {
        "pk": 31,
        "model": "auth.permission",
        "fields": {
            "codename": "add_country",
            "name": "Can add country",
            "content_type": 11
        }
    },
    {
        "pk": 32,
        "model": "auth.permission",
        "fields": {
            "codename": "change_country",
            "name": "Can change country",
            "content_type": 11
        }
    },
    {
        "pk": 33,
        "model": "auth.permission",
        "fields": {
            "codename": "delete_country",
            "name": "Can delete country",
            "content_type": 11
        }
    },
    {
        "pk": 34,
        "model": "auth.permission",
        "fields": {
            "codename": "add_brand",
            "name": "Can add brand",
            "content_type": 12
        }
    },
    {
        "pk": 35,
        "model": "auth.permission",
        "fields": {
            "codename": "change_brand",
            "name": "Can change brand",
            "content_type": 12
        }
    },
    {
        "pk": 36,
        "model": "auth.permission",
        "fields": {
            "codename": "delete_brand",
            "name": "Can delete brand",
            "content_type": 12
        }
    },
    {
        "pk": 37,
        "model": "auth.permission",
        "fields": {
            "codename": "add_cluster",
            "name": "Can add cluster",
            "content_type": 13
        }
    },
    {
        "pk": 38,
        "model": "auth.permission",
        "fields": {
            "codename": "change_cluster",
            "name": "Can change cluster",
            "content_type": 13
        }
    },
    {
        "pk": 39,
        "model": "auth.permission",
        "fields": {
            "codename": "delete_cluster",
            "name": "Can delete cluster",
            "content_type": 13
        }
    },
    {
        "pk": 40,
        "model": "auth.permission",
        "fields": {
            "codename": "add_store",
            "name": "Can add store",
            "content_type": 14
        }
    },
    {
        "pk": 41,
        "model": "auth.permission",
        "fields": {
            "codename": "change_store",
            "name": "Can change store",
            "content_type": 14
        }
    },
    {
        "pk": 42,
        "model": "auth.permission",
        "fields": {
            "codename": "delete_store",
            "name": "Can delete store",
            "content_type": 14
        }
    },
    {
        "pk": 43,
        "model": "auth.permission",
        "fields": {
            "codename": "add_device",
            "name": "Can add device",
            "content_type": 15
        }
    },
    {
        "pk": 44,
        "model": "auth.permission",
        "fields": {
            "codename": "change_device",
            "name": "Can change device",
            "content_type": 15
        }
    },
    {
        "pk": 45,
        "model": "auth.permission",
        "fields": {
            "codename": "delete_device",
            "name": "Can delete device",
            "content_type": 15
        }
    },
    {
        "pk": 46,
        "model": "auth.permission",
        "fields": {
            "codename": "add_contenttype",
            "name": "Can add content type",
            "content_type": 16
        }
    },
    {
        "pk": 47,
        "model": "auth.permission",
        "fields": {
            "codename": "change_contenttype",
            "name": "Can change content type",
            "content_type": 16
        }
    },
    {
        "pk": 48,
        "model": "auth.permission",
        "fields": {
            "codename": "delete_contenttype",
            "name": "Can delete content type",
            "content_type": 16
        }
    },
    {
        "pk": 49,
        "model": "auth.permission",
        "fields": {
            "codename": "add_content",
            "name": "Can add content",
            "content_type": 17
        }
    },
    {
        "pk": 50,
        "model": "auth.permission",
        "fields": {
            "codename": "change_content",
            "name": "Can change content",
            "content_type": 17
        }
    },
    {
        "pk": 51,
        "model": "auth.permission",
        "fields": {
            "codename": "delete_content",
            "name": "Can delete content",
            "content_type": 17
        }
    },
    {
        "pk": 52,
        "model": "auth.permission",
        "fields": {
            "codename": "add_audio",
            "name": "Can add audio",
            "content_type": 18
        }
    },
    {
        "pk": 53,
        "model": "auth.permission",
        "fields": {
            "codename": "change_audio",
            "name": "Can change audio",
            "content_type": 18
        }
    },
    {
        "pk": 54,
        "model": "auth.permission",
        "fields": {
            "codename": "delete_audio",
            "name": "Can delete audio",
            "content_type": 18
        }
    },
    {
        "pk": 55,
        "model": "auth.permission",
        "fields": {
            "codename": "add_video",
            "name": "Can add video",
            "content_type": 19
        }
    },
    {
        "pk": 56,
        "model": "auth.permission",
        "fields": {
            "codename": "change_video",
            "name": "Can change video",
            "content_type": 19
        }
    },
    {
        "pk": 57,
        "model": "auth.permission",
        "fields": {
            "codename": "delete_video",
            "name": "Can delete video",
            "content_type": 19
        }
    },
    {
        "pk": 58,
        "model": "auth.permission",
        "fields": {
            "codename": "add_wallpaper",
            "name": "Can add wallpaper",
            "content_type": 20
        }
    },
    {
        "pk": 59,
        "model": "auth.permission",
        "fields": {
            "codename": "change_wallpaper",
            "name": "Can change wallpaper",
            "content_type": 20
        }
    },
    {
        "pk": 60,
        "model": "auth.permission",
        "fields": {
            "codename": "delete_wallpaper",
            "name": "Can delete wallpaper",
            "content_type": 20
        }
    },
    {
        "pk": 61,
        "model": "auth.permission",
        "fields": {
            "codename": "add_web",
            "name": "Can add web",
            "content_type": 21
        }
    },
    {
        "pk": 62,
        "model": "auth.permission",
        "fields": {
            "codename": "change_web",
            "name": "Can change web",
            "content_type": 21
        }
    },
    {
        "pk": 63,
        "model": "auth.permission",
        "fields": {
            "codename": "delete_web",
            "name": "Can delete web",
            "content_type": 21
        }
    },
    {
        "pk": 64,
        "model": "auth.permission",
        "fields": {
            "codename": "add_image",
            "name": "Can add image",
            "content_type": 22
        }
    },
    {
        "pk": 65,
        "model": "auth.permission",
        "fields": {
            "codename": "change_image",
            "name": "Can change image",
            "content_type": 22
        }
    },
    {
        "pk": 66,
        "model": "auth.permission",
        "fields": {
            "codename": "delete_image",
            "name": "Can delete image",
            "content_type": 22
        }
    },
    {
        "pk": 67,
        "model": "auth.permission",
        "fields": {
            "codename": "add_slideshowimage",
            "name": "Can add slide show image",
            "content_type": 23
        }
    },
    {
        "pk": 68,
        "model": "auth.permission",
        "fields": {
            "codename": "change_slideshowimage",
            "name": "Can change slide show image",
            "content_type": 23
        }
    },
    {
        "pk": 69,
        "model": "auth.permission",
        "fields": {
            "codename": "delete_slideshowimage",
            "name": "Can delete slide show image",
            "content_type": 23
        }
    },
    {
        "pk": 70,
        "model": "auth.permission",
        "fields": {
            "codename": "add_slideshow",
            "name": "Can add slide show",
            "content_type": 24
        }
    },
    {
        "pk": 71,
        "model": "auth.permission",
        "fields": {
            "codename": "change_slideshow",
            "name": "Can change slide show",
            "content_type": 24
        }
    },
    {
        "pk": 72,
        "model": "auth.permission",
        "fields": {
            "codename": "delete_slideshow",
            "name": "Can delete slide show",
            "content_type": 24
        }
    },
    {
        "pk": 73,
        "model": "auth.permission",
        "fields": {
            "codename": "add_post",
            "name": "Can add post",
            "content_type": 25
        }
    },
    {
        "pk": 74,
        "model": "auth.permission",
        "fields": {
            "codename": "change_post",
            "name": "Can change post",
            "content_type": 25
        }
    },
    {
        "pk": 75,
        "model": "auth.permission",
        "fields": {
            "codename": "delete_post",
            "name": "Can delete post",
            "content_type": 25
        }
    },
    {
        "pk": 76,
        "model": "auth.permission",
        "fields": {
            "codename": "add_slideshow",
            "name": "Can add slide show",
            "content_type": 26
        }
    },
    {
        "pk": 77,
        "model": "auth.permission",
        "fields": {
            "codename": "change_slideshow",
            "name": "Can change slide show",
            "content_type": 26
        }
    },
    {
        "pk": 78,
        "model": "auth.permission",
        "fields": {
            "codename": "delete_slideshow",
            "name": "Can delete slide show",
            "content_type": 26
        }
    },
    {
        "pk": 1,
        "model": "auth.user",
        "fields": {
            "username": "nag",
            "first_name": "",
            "last_name": "",
            "is_active": true,
            "is_superuser": true,
            "is_staff": true,
            "last_login": "2013-12-26T09:12:24.406Z",
            "groups": [],
            "user_permissions": [],
            "password": "pbkdf2_sha256$12000$r0ed8fODVf23$n+TqGqkyWkZuCw6Xk5ej7VDQBuA5ZJe7MZ7KPiNUMiQ=",
            "email": "",
            "date_joined": "2013-12-11T06:07:05.062Z"
        }
    },
    {
        "pk": 1,
        "model": "admin.logentry",
        "fields": {
            "action_flag": 1,
            "action_time": "2013-12-11T06:15:23.296Z",
            "object_repr": "Starbucks",
            "object_id": "1",
            "change_message": "",
            "user": 1,
            "content_type": 12
        }
    },
    {
        "pk": 2,
        "model": "admin.logentry",
        "fields": {
            "action_flag": 1,
            "action_time": "2013-12-11T06:15:40.658Z",
            "object_repr": "Kormangala Bangalore",
            "object_id": "1",
            "change_message": "",
            "user": 1,
            "content_type": 13
        }
    },
    {
        "pk": 3,
        "model": "admin.logentry",
        "fields": {
            "action_flag": 1,
            "action_time": "2013-12-11T06:25:06.286Z",
            "object_repr": "Starbucks Kormangala",
            "object_id": "1",
            "change_message": "",
            "user": 1,
            "content_type": 14
        }
    },
    {
        "pk": 4,
        "model": "admin.logentry",
        "fields": {
            "action_flag": 2,
            "action_time": "2013-12-11T06:30:10.367Z",
            "object_repr": "Starbucks Kormangala",
            "object_id": "1",
            "change_message": "Changed address_first_line.",
            "user": 1,
            "content_type": 14
        }
    },
    {
        "pk": 5,
        "model": "admin.logentry",
        "fields": {
            "action_flag": 1,
            "action_time": "2013-12-11T07:27:46.378Z",
            "object_repr": "Starbucks Kormangala",
            "object_id": "49",
            "change_message": "",
            "user": 1,
            "content_type": 14
        }
    },
    {
        "pk": 6,
        "model": "admin.logentry",
        "fields": {
            "action_flag": 1,
            "action_time": "2013-12-11T07:29:08.169Z",
            "object_repr": "Starbucks Kormangala",
            "object_id": "50",
            "change_message": "",
            "user": 1,
            "content_type": 14
        }
    },
    {
        "pk": 7,
        "model": "admin.logentry",
        "fields": {
            "action_flag": 1,
            "action_time": "2013-12-11T07:30:17.571Z",
            "object_repr": "Starbucks Kormangala",
            "object_id": "51",
            "change_message": "",
            "user": 1,
            "content_type": 14
        }
    },
    {
        "pk": 8,
        "model": "admin.logentry",
        "fields": {
            "action_flag": 3,
            "action_time": "2013-12-11T07:30:43.793Z",
            "object_repr": "Starbucks Kormangala",
            "object_id": "51",
            "change_message": "",
            "user": 1,
            "content_type": 14
        }
    },
    {
        "pk": 9,
        "model": "admin.logentry",
        "fields": {
            "action_flag": 3,
            "action_time": "2013-12-11T07:30:43.816Z",
            "object_repr": "Starbucks Kormangala",
            "object_id": "50",
            "change_message": "",
            "user": 1,
            "content_type": 14
        }
    },
    {
        "pk": 10,
        "model": "admin.logentry",
        "fields": {
            "action_flag": 3,
            "action_time": "2013-12-11T07:30:43.838Z",
            "object_repr": "Starbucks Kormangala",
            "object_id": "49",
            "change_message": "",
            "user": 1,
            "content_type": 14
        }
    },
    {
        "pk": 11,
        "model": "admin.logentry",
        "fields": {
            "action_flag": 1,
            "action_time": "2013-12-11T09:30:38.457Z",
            "object_repr": "Starbucks Kormangala",
            "object_id": "52",
            "change_message": "",
            "user": 1,
            "content_type": 14
        }
    },
    {
        "pk": 12,
        "model": "admin.logentry",
        "fields": {
            "action_flag": 1,
            "action_time": "2013-12-11T09:33:03.979Z",
            "object_repr": "Starbucks Kormangala",
            "object_id": "53",
            "change_message": "",
            "user": 1,
            "content_type": 14
        }
    },
    {
        "pk": 13,
        "model": "admin.logentry",
        "fields": {
            "action_flag": 3,
            "action_time": "2013-12-11T09:33:14.661Z",
            "object_repr": "Starbucks Kormangala",
            "object_id": "53",
            "change_message": "",
            "user": 1,
            "content_type": 14
        }
    },
    {
        "pk": 14,
        "model": "admin.logentry",
        "fields": {
            "action_flag": 3,
            "action_time": "2013-12-11T09:33:14.679Z",
            "object_repr": "Starbucks Kormangala",
            "object_id": "52",
            "change_message": "",
            "user": 1,
            "content_type": 14
        }
    },
    {
        "pk": 15,
        "model": "admin.logentry",
        "fields": {
            "action_flag": 1,
            "action_time": "2013-12-11T09:34:06.378Z",
            "object_repr": "Starbucks Kormangala",
            "object_id": "54",
            "change_message": "",
            "user": 1,
            "content_type": 14
        }
    },
    {
        "pk": 16,
        "model": "admin.logentry",
        "fields": {
            "action_flag": 1,
            "action_time": "2013-12-11T09:39:29.355Z",
            "object_repr": "Naturals",
            "object_id": "2",
            "change_message": "",
            "user": 1,
            "content_type": 12
        }
    },
    {
        "pk": 17,
        "model": "admin.logentry",
        "fields": {
            "action_flag": 1,
            "action_time": "2013-12-11T09:39:34.906Z",
            "object_repr": "Naturals Kormangala",
            "object_id": "55",
            "change_message": "",
            "user": 1,
            "content_type": 14
        }
    },
    {
        "pk": 18,
        "model": "admin.logentry",
        "fields": {
            "action_flag": 1,
            "action_time": "2013-12-11T09:41:13.014Z",
            "object_repr": "Sapna",
            "object_id": "3",
            "change_message": "",
            "user": 1,
            "content_type": 12
        }
    },
    {
        "pk": 19,
        "model": "admin.logentry",
        "fields": {
            "action_flag": 1,
            "action_time": "2013-12-11T09:41:18.282Z",
            "object_repr": "Sapna Kormangala",
            "object_id": "56",
            "change_message": "",
            "user": 1,
            "content_type": 14
        }
    },
    {
        "pk": 20,
        "model": "admin.logentry",
        "fields": {
            "action_flag": 1,
            "action_time": "2013-12-11T09:43:10.525Z",
            "object_repr": "P N Rao",
            "object_id": "4",
            "change_message": "",
            "user": 1,
            "content_type": 12
        }
    },
    {
        "pk": 21,
        "model": "admin.logentry",
        "fields": {
            "action_flag": 1,
            "action_time": "2013-12-11T09:43:15.465Z",
            "object_repr": "P N Rao Kormangala",
            "object_id": "57",
            "change_message": "",
            "user": 1,
            "content_type": 14
        }
    },
    {
        "pk": 22,
        "model": "admin.logentry",
        "fields": {
            "action_flag": 1,
            "action_time": "2013-12-11T09:48:27.598Z",
            "object_repr": "Wallpaper",
            "object_id": "1",
            "change_message": "",
            "user": 1,
            "content_type": 16
        }
    },
    {
        "pk": 23,
        "model": "admin.logentry",
        "fields": {
            "action_flag": 1,
            "action_time": "2013-12-11T09:49:26.054Z",
            "object_repr": "Starbucks wall 1",
            "object_id": "1",
            "change_message": "",
            "user": 1,
            "content_type": 20
        }
    },
    {
        "pk": 24,
        "model": "admin.logentry",
        "fields": {
            "action_flag": 1,
            "action_time": "2013-12-11T09:50:01.077Z",
            "object_repr": "Starbucks wall 2",
            "object_id": "2",
            "change_message": "",
            "user": 1,
            "content_type": 20
        }
    },
    {
        "pk": 25,
        "model": "admin.logentry",
        "fields": {
            "action_flag": 1,
            "action_time": "2013-12-11T09:50:32.394Z",
            "object_repr": "Starbucks wall 3",
            "object_id": "3",
            "change_message": "",
            "user": 1,
            "content_type": 20
        }
    },
    {
        "pk": 26,
        "model": "admin.logentry",
        "fields": {
            "action_flag": 1,
            "action_time": "2013-12-11T09:51:08.139Z",
            "object_repr": "Starbucks wall 4",
            "object_id": "4",
            "change_message": "",
            "user": 1,
            "content_type": 20
        }
    },
    {
        "pk": 27,
        "model": "admin.logentry",
        "fields": {
            "action_flag": 1,
            "action_time": "2013-12-11T09:51:47.110Z",
            "object_repr": "Naturals wall 1",
            "object_id": "5",
            "change_message": "",
            "user": 1,
            "content_type": 20
        }
    },
    {
        "pk": 28,
        "model": "admin.logentry",
        "fields": {
            "action_flag": 1,
            "action_time": "2013-12-11T09:52:12.633Z",
            "object_repr": "Naturals wall 2",
            "object_id": "6",
            "change_message": "",
            "user": 1,
            "content_type": 20
        }
    },
    {
        "pk": 29,
        "model": "admin.logentry",
        "fields": {
            "action_flag": 1,
            "action_time": "2013-12-11T09:52:41.706Z",
            "object_repr": "Naturals wall 3",
            "object_id": "7",
            "change_message": "",
            "user": 1,
            "content_type": 20
        }
    },
    {
        "pk": 30,
        "model": "admin.logentry",
        "fields": {
            "action_flag": 1,
            "action_time": "2013-12-11T09:53:31.685Z",
            "object_repr": "Sapna wall",
            "object_id": "8",
            "change_message": "",
            "user": 1,
            "content_type": 20
        }
    },
    {
        "pk": 31,
        "model": "admin.logentry",
        "fields": {
            "action_flag": 1,
            "action_time": "2013-12-11T09:54:05.591Z",
            "object_repr": "Sapna wall 2",
            "object_id": "9",
            "change_message": "",
            "user": 1,
            "content_type": 20
        }
    },
    {
        "pk": 32,
        "model": "admin.logentry",
        "fields": {
            "action_flag": 1,
            "action_time": "2013-12-11T09:54:37.725Z",
            "object_repr": "Sapna wall 3",
            "object_id": "10",
            "change_message": "",
            "user": 1,
            "content_type": 20
        }
    },
    {
        "pk": 33,
        "model": "admin.logentry",
        "fields": {
            "action_flag": 1,
            "action_time": "2013-12-11T09:55:09.196Z",
            "object_repr": "PN Rao wall 1",
            "object_id": "11",
            "change_message": "",
            "user": 1,
            "content_type": 20
        }
    },
    {
        "pk": 34,
        "model": "admin.logentry",
        "fields": {
            "action_flag": 1,
            "action_time": "2013-12-11T09:55:34.791Z",
            "object_repr": "PN Rao wall 2",
            "object_id": "12",
            "change_message": "",
            "user": 1,
            "content_type": 20
        }
    },
    {
        "pk": 35,
        "model": "admin.logentry",
        "fields": {
            "action_flag": 1,
            "action_time": "2013-12-11T09:56:44.838Z",
            "object_repr": "PN Rao wall 3",
            "object_id": "13",
            "change_message": "",
            "user": 1,
            "content_type": 20
        }
    },
    {
        "pk": 36,
        "model": "admin.logentry",
        "fields": {
            "action_flag": 2,
            "action_time": "2013-12-11T11:15:23.421Z",
            "object_repr": "P N Rao Kormangala",
            "object_id": "57",
            "change_message": "No fields changed.",
            "user": 1,
            "content_type": 14
        }
    },
    {
        "pk": 37,
        "model": "admin.logentry",
        "fields": {
            "action_flag": 2,
            "action_time": "2013-12-11T11:15:30.213Z",
            "object_repr": "Sapna Kormangala",
            "object_id": "56",
            "change_message": "No fields changed.",
            "user": 1,
            "content_type": 14
        }
    },
    {
        "pk": 38,
        "model": "admin.logentry",
        "fields": {
            "action_flag": 2,
            "action_time": "2013-12-11T11:15:40.725Z",
            "object_repr": "Naturals Kormangala",
            "object_id": "55",
            "change_message": "No fields changed.",
            "user": 1,
            "content_type": 14
        }
    },
    {
        "pk": 39,
        "model": "admin.logentry",
        "fields": {
            "action_flag": 2,
            "action_time": "2013-12-11T11:15:54.619Z",
            "object_repr": "Starbucks Kormangala",
            "object_id": "54",
            "change_message": "No fields changed.",
            "user": 1,
            "content_type": 14
        }
    },
    {
        "pk": 40,
        "model": "admin.logentry",
        "fields": {
            "action_flag": 2,
            "action_time": "2013-12-12T05:25:46.311Z",
            "object_repr": "P N Rao Kormangala",
            "object_id": "57",
            "change_message": "No fields changed.",
            "user": 1,
            "content_type": 14
        }
    },
    {
        "pk": 41,
        "model": "admin.logentry",
        "fields": {
            "action_flag": 2,
            "action_time": "2013-12-12T05:26:09.661Z",
            "object_repr": "Sapna Kormangala",
            "object_id": "56",
            "change_message": "No fields changed.",
            "user": 1,
            "content_type": 14
        }
    },
    {
        "pk": 42,
        "model": "admin.logentry",
        "fields": {
            "action_flag": 2,
            "action_time": "2013-12-12T05:26:35.742Z",
            "object_repr": "Naturals Kormangala",
            "object_id": "55",
            "change_message": "No fields changed.",
            "user": 1,
            "content_type": 14
        }
    },
    {
        "pk": 43,
        "model": "admin.logentry",
        "fields": {
            "action_flag": 2,
            "action_time": "2013-12-12T05:26:56.174Z",
            "object_repr": "Naturals Kormangala",
            "object_id": "55",
            "change_message": "No fields changed.",
            "user": 1,
            "content_type": 14
        }
    },
    {
        "pk": 44,
        "model": "admin.logentry",
        "fields": {
            "action_flag": 2,
            "action_time": "2013-12-12T05:27:07.393Z",
            "object_repr": "Starbucks Kormangala",
            "object_id": "54",
            "change_message": "No fields changed.",
            "user": 1,
            "content_type": 14
        }
    },
    {
        "pk": 45,
        "model": "admin.logentry",
        "fields": {
            "action_flag": 1,
            "action_time": "2013-12-12T05:28:54.890Z",
            "object_repr": "Slide Show",
            "object_id": "2",
            "change_message": "",
            "user": 1,
            "content_type": 16
        }
    },
    {
        "pk": 46,
        "model": "admin.logentry",
        "fields": {
            "action_flag": 1,
            "action_time": "2013-12-12T05:33:48.783Z",
            "object_repr": "Hazard",
            "object_id": "1",
            "change_message": "",
            "user": 1,
            "content_type": 22
        }
    },
    {
        "pk": 47,
        "model": "admin.logentry",
        "fields": {
            "action_flag": 1,
            "action_time": "2013-12-12T05:34:30.077Z",
            "object_repr": "Mata",
            "object_id": "2",
            "change_message": "",
            "user": 1,
            "content_type": 22
        }
    },
    {
        "pk": 48,
        "model": "admin.logentry",
        "fields": {
            "action_flag": 1,
            "action_time": "2013-12-12T05:35:38.571Z",
            "object_repr": "Torres",
            "object_id": "3",
            "change_message": "",
            "user": 1,
            "content_type": 22
        }
    },
    {
        "pk": 49,
        "model": "admin.logentry",
        "fields": {
            "action_flag": 1,
            "action_time": "2013-12-12T05:36:02.716Z",
            "object_repr": "Oscar",
            "object_id": "4",
            "change_message": "",
            "user": 1,
            "content_type": 22
        }
    },
    {
        "pk": 50,
        "model": "admin.logentry",
        "fields": {
            "action_flag": 1,
            "action_time": "2013-12-12T05:36:30.952Z",
            "object_repr": "Team Celebration",
            "object_id": "5",
            "change_message": "",
            "user": 1,
            "content_type": 22
        }
    },
    {
        "pk": 51,
        "model": "admin.logentry",
        "fields": {
            "action_flag": 1,
            "action_time": "2013-12-12T05:36:37.514Z",
            "object_repr": "Some slideshow 1",
            "object_id": "14",
            "change_message": "",
            "user": 1,
            "content_type": 24
        }
    },
    {
        "pk": 52,
        "model": "admin.logentry",
        "fields": {
            "action_flag": 1,
            "action_time": "2013-12-12T12:45:16.324Z",
            "object_repr": "Video",
            "object_id": "3",
            "change_message": "",
            "user": 1,
            "content_type": 16
        }
    },
    {
        "pk": 53,
        "model": "admin.logentry",
        "fields": {
            "action_flag": 1,
            "action_time": "2013-12-12T12:46:29.876Z",
            "object_repr": "Some vid",
            "object_id": "15",
            "change_message": "",
            "user": 1,
            "content_type": 19
        }
    },
    {
        "pk": 54,
        "model": "admin.logentry",
        "fields": {
            "action_flag": 1,
            "action_time": "2013-12-16T06:54:01.940Z",
            "object_repr": "Post object",
            "object_id": "1",
            "change_message": "",
            "user": 1,
            "content_type": 25
        }
    },
    {
        "pk": 55,
        "model": "admin.logentry",
        "fields": {
            "action_flag": 2,
            "action_time": "2013-12-18T12:01:10.355Z",
            "object_repr": "P N Rao Kormangala",
            "object_id": "57",
            "change_message": "No fields changed.",
            "user": 1,
            "content_type": 14
        }
    },
    {
        "pk": 56,
        "model": "admin.logentry",
        "fields": {
            "action_flag": 2,
            "action_time": "2013-12-18T12:01:17.233Z",
            "object_repr": "Sapna Kormangala",
            "object_id": "56",
            "change_message": "No fields changed.",
            "user": 1,
            "content_type": 14
        }
    },
    {
        "pk": 57,
        "model": "admin.logentry",
        "fields": {
            "action_flag": 2,
            "action_time": "2013-12-18T12:01:22.190Z",
            "object_repr": "Naturals Kormangala",
            "object_id": "55",
            "change_message": "No fields changed.",
            "user": 1,
            "content_type": 14
        }
    },
    {
        "pk": 58,
        "model": "admin.logentry",
        "fields": {
            "action_flag": 2,
            "action_time": "2013-12-18T12:01:27.553Z",
            "object_repr": "Starbucks Kormangala",
            "object_id": "54",
            "change_message": "No fields changed.",
            "user": 1,
            "content_type": 14
        }
    },
    {
        "pk": 59,
        "model": "admin.logentry",
        "fields": {
            "action_flag": 2,
            "action_time": "2013-12-18T12:05:16.662Z",
            "object_repr": "Starbucks wall 1",
            "object_id": "1",
            "change_message": "Changed thumbnail.",
            "user": 1,
            "content_type": 20
        }
    },
    {
        "pk": 60,
        "model": "admin.logentry",
        "fields": {
            "action_flag": 2,
            "action_time": "2013-12-18T12:05:34.252Z",
            "object_repr": "Starbucks wall 2",
            "object_id": "2",
            "change_message": "Changed thumbnail and file.",
            "user": 1,
            "content_type": 20
        }
    },
    {
        "pk": 61,
        "model": "admin.logentry",
        "fields": {
            "action_flag": 2,
            "action_time": "2013-12-18T12:05:51.718Z",
            "object_repr": "Starbucks wall 1",
            "object_id": "1",
            "change_message": "Changed thumbnail and file.",
            "user": 1,
            "content_type": 20
        }
    },
    {
        "pk": 62,
        "model": "admin.logentry",
        "fields": {
            "action_flag": 2,
            "action_time": "2013-12-18T12:06:09.901Z",
            "object_repr": "Starbucks wall 3",
            "object_id": "3",
            "change_message": "Changed thumbnail and file.",
            "user": 1,
            "content_type": 20
        }
    },
    {
        "pk": 63,
        "model": "admin.logentry",
        "fields": {
            "action_flag": 2,
            "action_time": "2013-12-18T12:06:27.165Z",
            "object_repr": "Starbucks wall 4",
            "object_id": "4",
            "change_message": "Changed thumbnail and file.",
            "user": 1,
            "content_type": 20
        }
    },
    {
        "pk": 64,
        "model": "admin.logentry",
        "fields": {
            "action_flag": 2,
            "action_time": "2013-12-18T12:06:44.856Z",
            "object_repr": "Naturals wall 1",
            "object_id": "5",
            "change_message": "Changed thumbnail and file.",
            "user": 1,
            "content_type": 20
        }
    },
    {
        "pk": 65,
        "model": "admin.logentry",
        "fields": {
            "action_flag": 2,
            "action_time": "2013-12-18T12:07:00.551Z",
            "object_repr": "Naturals wall 2",
            "object_id": "6",
            "change_message": "Changed thumbnail and file.",
            "user": 1,
            "content_type": 20
        }
    },
    {
        "pk": 66,
        "model": "admin.logentry",
        "fields": {
            "action_flag": 2,
            "action_time": "2013-12-18T12:07:20.188Z",
            "object_repr": "Naturals wall 3",
            "object_id": "7",
            "change_message": "Changed thumbnail and file.",
            "user": 1,
            "content_type": 20
        }
    },
    {
        "pk": 67,
        "model": "admin.logentry",
        "fields": {
            "action_flag": 2,
            "action_time": "2013-12-18T12:08:07.232Z",
            "object_repr": "Sapna wall",
            "object_id": "8",
            "change_message": "Changed thumbnail and file.",
            "user": 1,
            "content_type": 20
        }
    },
    {
        "pk": 68,
        "model": "admin.logentry",
        "fields": {
            "action_flag": 2,
            "action_time": "2013-12-18T12:08:23.528Z",
            "object_repr": "Sapna wall 2",
            "object_id": "9",
            "change_message": "Changed thumbnail and file.",
            "user": 1,
            "content_type": 20
        }
    },
    {
        "pk": 69,
        "model": "admin.logentry",
        "fields": {
            "action_flag": 2,
            "action_time": "2013-12-18T12:08:43.613Z",
            "object_repr": "Sapna wall 3",
            "object_id": "10",
            "change_message": "Changed thumbnail and file.",
            "user": 1,
            "content_type": 20
        }
    },
    {
        "pk": 70,
        "model": "admin.logentry",
        "fields": {
            "action_flag": 2,
            "action_time": "2013-12-18T12:09:02.717Z",
            "object_repr": "PN Rao wall 1",
            "object_id": "11",
            "change_message": "Changed thumbnail and file.",
            "user": 1,
            "content_type": 20
        }
    },
    {
        "pk": 71,
        "model": "admin.logentry",
        "fields": {
            "action_flag": 2,
            "action_time": "2013-12-18T12:09:47.718Z",
            "object_repr": "PN Rao wall 2",
            "object_id": "12",
            "change_message": "Changed thumbnail and file.",
            "user": 1,
            "content_type": 20
        }
    },
    {
        "pk": 72,
        "model": "admin.logentry",
        "fields": {
            "action_flag": 2,
            "action_time": "2013-12-18T12:10:05.951Z",
            "object_repr": "PN Rao wall 3",
            "object_id": "13",
            "change_message": "Changed thumbnail and file.",
            "user": 1,
            "content_type": 20
        }
    },
    {
        "pk": 73,
        "model": "admin.logentry",
        "fields": {
            "action_flag": 2,
            "action_time": "2013-12-18T12:12:06.114Z",
            "object_repr": "Some vid",
            "object_id": "15",
            "change_message": "Changed short_description, thumbnail, store and file.",
            "user": 1,
            "content_type": 19
        }
    },
    {
        "pk": 74,
        "model": "admin.logentry",
        "fields": {
            "action_flag": 2,
            "action_time": "2013-12-18T12:13:26.106Z",
            "object_repr": "Team Celebration",
            "object_id": "5",
            "change_message": "Changed image.",
            "user": 1,
            "content_type": 22
        }
    },
    {
        "pk": 75,
        "model": "admin.logentry",
        "fields": {
            "action_flag": 2,
            "action_time": "2013-12-18T12:13:33.279Z",
            "object_repr": "Oscar",
            "object_id": "4",
            "change_message": "Changed image.",
            "user": 1,
            "content_type": 22
        }
    },
    {
        "pk": 76,
        "model": "admin.logentry",
        "fields": {
            "action_flag": 2,
            "action_time": "2013-12-18T12:13:41.350Z",
            "object_repr": "Torres",
            "object_id": "3",
            "change_message": "Changed image.",
            "user": 1,
            "content_type": 22
        }
    },
    {
        "pk": 77,
        "model": "admin.logentry",
        "fields": {
            "action_flag": 2,
            "action_time": "2013-12-18T12:13:48.087Z",
            "object_repr": "Mata",
            "object_id": "2",
            "change_message": "Changed image.",
            "user": 1,
            "content_type": 22
        }
    },
    {
        "pk": 78,
        "model": "admin.logentry",
        "fields": {
            "action_flag": 2,
            "action_time": "2013-12-18T12:13:55.345Z",
            "object_repr": "Hazard",
            "object_id": "1",
            "change_message": "Changed image.",
            "user": 1,
            "content_type": 22
        }
    },
    {
        "pk": 79,
        "model": "admin.logentry",
        "fields": {
            "action_flag": 2,
            "action_time": "2013-12-18T12:16:41.276Z",
            "object_repr": "P N Rao",
            "object_id": "4",
            "change_message": "Changed logo.",
            "user": 1,
            "content_type": 12
        }
    },
    {
        "pk": 80,
        "model": "admin.logentry",
        "fields": {
            "action_flag": 2,
            "action_time": "2013-12-18T12:16:51.912Z",
            "object_repr": "Sapna",
            "object_id": "3",
            "change_message": "Changed logo.",
            "user": 1,
            "content_type": 12
        }
    },
    {
        "pk": 81,
        "model": "admin.logentry",
        "fields": {
            "action_flag": 2,
            "action_time": "2013-12-18T12:17:02.746Z",
            "object_repr": "Naturals",
            "object_id": "2",
            "change_message": "Changed logo.",
            "user": 1,
            "content_type": 12
        }
    },
    {
        "pk": 82,
        "model": "admin.logentry",
        "fields": {
            "action_flag": 2,
            "action_time": "2013-12-18T12:17:11.119Z",
            "object_repr": "Starbucks",
            "object_id": "1",
            "change_message": "Changed logo.",
            "user": 1,
            "content_type": 12
        }
    },
    {
        "pk": 83,
        "model": "admin.logentry",
        "fields": {
            "action_flag": 2,
            "action_time": "2013-12-18T12:25:02.785Z",
            "object_repr": "P N Rao",
            "object_id": "4",
            "change_message": "Changed logo.",
            "user": 1,
            "content_type": 12
        }
    },
    {
        "pk": 84,
        "model": "admin.logentry",
        "fields": {
            "action_flag": 2,
            "action_time": "2013-12-18T12:25:12.141Z",
            "object_repr": "Sapna",
            "object_id": "3",
            "change_message": "Changed logo.",
            "user": 1,
            "content_type": 12
        }
    },
    {
        "pk": 85,
        "model": "admin.logentry",
        "fields": {
            "action_flag": 2,
            "action_time": "2013-12-18T12:25:21.346Z",
            "object_repr": "Naturals",
            "object_id": "2",
            "change_message": "Changed logo.",
            "user": 1,
            "content_type": 12
        }
    },
    {
        "pk": 86,
        "model": "admin.logentry",
        "fields": {
            "action_flag": 2,
            "action_time": "2013-12-18T12:25:28.328Z",
            "object_repr": "Starbucks",
            "object_id": "1",
            "change_message": "Changed logo.",
            "user": 1,
            "content_type": 12
        }
    },
    {
        "pk": 87,
        "model": "admin.logentry",
        "fields": {
            "action_flag": 2,
            "action_time": "2013-12-18T12:26:31.358Z",
            "object_repr": "Starbucks wall 1",
            "object_id": "1",
            "change_message": "Changed thumbnail and file.",
            "user": 1,
            "content_type": 20
        }
    },
    {
        "pk": 88,
        "model": "admin.logentry",
        "fields": {
            "action_flag": 2,
            "action_time": "2013-12-18T12:26:43.658Z",
            "object_repr": "Starbucks wall 2",
            "object_id": "2",
            "change_message": "Changed thumbnail and file.",
            "user": 1,
            "content_type": 20
        }
    },
    {
        "pk": 89,
        "model": "admin.logentry",
        "fields": {
            "action_flag": 2,
            "action_time": "2013-12-18T12:27:02.908Z",
            "object_repr": "Starbucks wall 3",
            "object_id": "3",
            "change_message": "Changed thumbnail and file.",
            "user": 1,
            "content_type": 20
        }
    },
    {
        "pk": 90,
        "model": "admin.logentry",
        "fields": {
            "action_flag": 2,
            "action_time": "2013-12-18T12:27:17.283Z",
            "object_repr": "Starbucks wall 4",
            "object_id": "4",
            "change_message": "Changed thumbnail and file.",
            "user": 1,
            "content_type": 20
        }
    },
    {
        "pk": 91,
        "model": "admin.logentry",
        "fields": {
            "action_flag": 2,
            "action_time": "2013-12-18T12:27:32.073Z",
            "object_repr": "Naturals wall 1",
            "object_id": "5",
            "change_message": "Changed thumbnail and file.",
            "user": 1,
            "content_type": 20
        }
    },
    {
        "pk": 92,
        "model": "admin.logentry",
        "fields": {
            "action_flag": 2,
            "action_time": "2013-12-18T12:27:50.706Z",
            "object_repr": "Naturals wall 2",
            "object_id": "6",
            "change_message": "Changed thumbnail and file.",
            "user": 1,
            "content_type": 20
        }
    },
    {
        "pk": 93,
        "model": "admin.logentry",
        "fields": {
            "action_flag": 2,
            "action_time": "2013-12-18T12:28:07.206Z",
            "object_repr": "Naturals wall 3",
            "object_id": "7",
            "change_message": "Changed thumbnail and file.",
            "user": 1,
            "content_type": 20
        }
    },
    {
        "pk": 94,
        "model": "admin.logentry",
        "fields": {
            "action_flag": 2,
            "action_time": "2013-12-18T12:28:21.994Z",
            "object_repr": "Sapna wall",
            "object_id": "8",
            "change_message": "Changed thumbnail and file.",
            "user": 1,
            "content_type": 20
        }
    },
    {
        "pk": 95,
        "model": "admin.logentry",
        "fields": {
            "action_flag": 2,
            "action_time": "2013-12-18T12:28:39.038Z",
            "object_repr": "Sapna wall 2",
            "object_id": "9",
            "change_message": "Changed thumbnail and file.",
            "user": 1,
            "content_type": 20
        }
    },
    {
        "pk": 96,
        "model": "admin.logentry",
        "fields": {
            "action_flag": 2,
            "action_time": "2013-12-18T12:28:52.548Z",
            "object_repr": "Sapna wall 3",
            "object_id": "10",
            "change_message": "Changed thumbnail and file.",
            "user": 1,
            "content_type": 20
        }
    },
    {
        "pk": 97,
        "model": "admin.logentry",
        "fields": {
            "action_flag": 2,
            "action_time": "2013-12-18T12:29:09.006Z",
            "object_repr": "PN Rao wall 1",
            "object_id": "11",
            "change_message": "Changed thumbnail and file.",
            "user": 1,
            "content_type": 20
        }
    },
    {
        "pk": 98,
        "model": "admin.logentry",
        "fields": {
            "action_flag": 2,
            "action_time": "2013-12-18T12:29:21.526Z",
            "object_repr": "PN Rao wall 2",
            "object_id": "12",
            "change_message": "Changed thumbnail and file.",
            "user": 1,
            "content_type": 20
        }
    },
    {
        "pk": 99,
        "model": "admin.logentry",
        "fields": {
            "action_flag": 2,
            "action_time": "2013-12-18T12:29:36.572Z",
            "object_repr": "PN Rao wall 3",
            "object_id": "13",
            "change_message": "Changed thumbnail and file.",
            "user": 1,
            "content_type": 20
        }
    },
    {
        "pk": 100,
        "model": "admin.logentry",
        "fields": {
            "action_flag": 2,
            "action_time": "2013-12-19T05:47:55.376Z",
            "object_repr": "Some slideshow 1",
            "object_id": "14",
            "change_message": "Changed thumbnail.",
            "user": 1,
            "content_type": 24
        }
    },
    {
        "pk": 101,
        "model": "admin.logentry",
        "fields": {
            "action_flag": 2,
            "action_time": "2013-12-20T10:37:35.185Z",
            "object_repr": "P N Rao Kormangala",
            "object_id": "57",
            "change_message": "Changed slug_name.",
            "user": 1,
            "content_type": 14
        }
    },
    {
        "pk": 102,
        "model": "admin.logentry",
        "fields": {
            "action_flag": 2,
            "action_time": "2013-12-20T10:37:49.441Z",
            "object_repr": "Sapna Kormangala",
            "object_id": "56",
            "change_message": "Changed slug_name.",
            "user": 1,
            "content_type": 14
        }
    },
    {
        "pk": 103,
        "model": "admin.logentry",
        "fields": {
            "action_flag": 2,
            "action_time": "2013-12-20T10:38:01.428Z",
            "object_repr": "Naturals Kormangala",
            "object_id": "55",
            "change_message": "Changed slug_name.",
            "user": 1,
            "content_type": 14
        }
    },
    {
        "pk": 104,
        "model": "admin.logentry",
        "fields": {
            "action_flag": 2,
            "action_time": "2013-12-20T10:38:09.790Z",
            "object_repr": "Starbucks Kormangala",
            "object_id": "54",
            "change_message": "Changed slug_name.",
            "user": 1,
            "content_type": 14
        }
    },
    {
        "pk": 105,
        "model": "admin.logentry",
        "fields": {
            "action_flag": 2,
            "action_time": "2013-12-26T09:13:26.420Z",
            "object_repr": "P N Rao",
            "object_id": "4",
            "change_message": "Changed logo.",
            "user": 1,
            "content_type": 12
        }
    },
    {
        "pk": 106,
        "model": "admin.logentry",
        "fields": {
            "action_flag": 2,
            "action_time": "2013-12-26T09:13:44.151Z",
            "object_repr": "Sapna",
            "object_id": "3",
            "change_message": "Changed logo.",
            "user": 1,
            "content_type": 12
        }
    },
    {
        "pk": 107,
        "model": "admin.logentry",
        "fields": {
            "action_flag": 2,
            "action_time": "2013-12-26T09:14:08.417Z",
            "object_repr": "Naturals",
            "object_id": "2",
            "change_message": "Changed logo.",
            "user": 1,
            "content_type": 12
        }
    },
    {
        "pk": 108,
        "model": "admin.logentry",
        "fields": {
            "action_flag": 1,
            "action_time": "2013-12-26T09:19:38.353Z",
            "object_repr": "Audio",
            "object_id": "4",
            "change_message": "",
            "user": 1,
            "content_type": 17
        }
    },
    {
        "pk": 109,
        "model": "admin.logentry",
        "fields": {
            "action_flag": 1,
            "action_time": "2013-12-26T09:19:55.389Z",
            "object_repr": "My heart goes on",
            "object_id": "16",
            "change_message": "",
            "user": 1,
            "content_type": 19
        }
    },
    {
        "pk": 110,
        "model": "admin.logentry",
        "fields": {
            "action_flag": 2,
            "action_time": "2013-12-26T09:31:35.890Z",
            "object_repr": "P N Rao Kormangala",
            "object_id": "57",
            "change_message": "Added device \"121\".",
            "user": 1,
            "content_type": 14
        }
    },
    {
        "pk": 111,
        "model": "admin.logentry",
        "fields": {
            "action_flag": 2,
            "action_time": "2013-12-26T09:31:41.846Z",
            "object_repr": "Sapna Kormangala",
            "object_id": "56",
            "change_message": "No fields changed.",
            "user": 1,
            "content_type": 14
        }
    },
    {
        "pk": 112,
        "model": "admin.logentry",
        "fields": {
            "action_flag": 2,
            "action_time": "2013-12-26T09:31:45.437Z",
            "object_repr": "Naturals Kormangala",
            "object_id": "55",
            "change_message": "No fields changed.",
            "user": 1,
            "content_type": 14
        }
    },
    {
        "pk": 113,
        "model": "admin.logentry",
        "fields": {
            "action_flag": 2,
            "action_time": "2013-12-26T09:31:49.511Z",
            "object_repr": "Starbucks Kormangala",
            "object_id": "54",
            "change_message": "No fields changed.",
            "user": 1,
            "content_type": 14
        }
    },
    {
        "pk": 114,
        "model": "admin.logentry",
        "fields": {
            "action_flag": 2,
            "action_time": "2013-12-26T09:32:11.505Z",
            "object_repr": "P N Rao Kormangala",
            "object_id": "57",
            "change_message": "No fields changed.",
            "user": 1,
            "content_type": 14
        }
    },
    {
        "pk": 115,
        "model": "admin.logentry",
        "fields": {
            "action_flag": 2,
            "action_time": "2013-12-26T09:32:19.489Z",
            "object_repr": "Sapna Kormangala",
            "object_id": "56",
            "change_message": "No fields changed.",
            "user": 1,
            "content_type": 14
        }
    },
    {
        "pk": 116,
        "model": "admin.logentry",
        "fields": {
            "action_flag": 2,
            "action_time": "2013-12-26T09:32:23.903Z",
            "object_repr": "Naturals Kormangala",
            "object_id": "55",
            "change_message": "No fields changed.",
            "user": 1,
            "content_type": 14
        }
    },
    {
        "pk": 117,
        "model": "admin.logentry",
        "fields": {
            "action_flag": 2,
            "action_time": "2013-12-26T09:32:28.524Z",
            "object_repr": "Starbucks Kormangala",
            "object_id": "54",
            "change_message": "No fields changed.",
            "user": 1,
            "content_type": 14
        }
    },
    {
        "pk": 118,
        "model": "admin.logentry",
        "fields": {
            "action_flag": 2,
            "action_time": "2013-12-26T09:36:00.997Z",
            "object_repr": "Starbucks",
            "object_id": "1",
            "change_message": "No fields changed.",
            "user": 1,
            "content_type": 12
        }
    },
    {
        "pk": 119,
        "model": "admin.logentry",
        "fields": {
            "action_flag": 2,
            "action_time": "2013-12-26T09:36:14.197Z",
            "object_repr": "Starbucks",
            "object_id": "1",
            "change_message": "Changed logo.",
            "user": 1,
            "content_type": 12
        }
    },
    {
        "pk": 120,
        "model": "admin.logentry",
        "fields": {
            "action_flag": 2,
            "action_time": "2013-12-26T09:44:31.538Z",
            "object_repr": "Team Celebration",
            "object_id": "5",
            "change_message": "Changed image.",
            "user": 1,
            "content_type": 24
        }
    },
    {
        "pk": 121,
        "model": "admin.logentry",
        "fields": {
            "action_flag": 2,
            "action_time": "2013-12-26T09:44:38.721Z",
            "object_repr": "Oscar",
            "object_id": "4",
            "change_message": "Changed image.",
            "user": 1,
            "content_type": 24
        }
    },
    {
        "pk": 122,
        "model": "admin.logentry",
        "fields": {
            "action_flag": 2,
            "action_time": "2013-12-26T09:44:46.258Z",
            "object_repr": "Torres",
            "object_id": "3",
            "change_message": "Changed image.",
            "user": 1,
            "content_type": 24
        }
    },
    {
        "pk": 123,
        "model": "admin.logentry",
        "fields": {
            "action_flag": 2,
            "action_time": "2013-12-26T09:45:19.626Z",
            "object_repr": "Mata",
            "object_id": "2",
            "change_message": "Changed image.",
            "user": 1,
            "content_type": 24
        }
    },
    {
        "pk": 124,
        "model": "admin.logentry",
        "fields": {
            "action_flag": 2,
            "action_time": "2013-12-26T09:45:35.183Z",
            "object_repr": "Hazard",
            "object_id": "1",
            "change_message": "Changed image.",
            "user": 1,
            "content_type": 24
        }
    },
    {
        "pk": 125,
        "model": "admin.logentry",
        "fields": {
            "action_flag": 2,
            "action_time": "2013-12-26T09:46:07.049Z",
            "object_repr": "Some slideshow 1",
            "object_id": "14",
            "change_message": "Changed thumbnail.",
            "user": 1,
            "content_type": 26
        }
    },
    {
        "pk": 126,
        "model": "admin.logentry",
        "fields": {
            "action_flag": 2,
            "action_time": "2013-12-26T09:46:52.123Z",
            "object_repr": "Some vid",
            "object_id": "15",
            "change_message": "Changed thumbnail and file.",
            "user": 1,
            "content_type": 20
        }
    },
    {
        "pk": 127,
        "model": "admin.logentry",
        "fields": {
            "action_flag": 2,
            "action_time": "2013-12-26T09:47:56.767Z",
            "object_repr": "PN Rao wall 1",
            "object_id": "11",
            "change_message": "Changed thumbnail and file.",
            "user": 1,
            "content_type": 21
        }
    },
    {
        "pk": 128,
        "model": "admin.logentry",
        "fields": {
            "action_flag": 2,
            "action_time": "2013-12-26T09:48:09.751Z",
            "object_repr": "PN Rao wall 2",
            "object_id": "12",
            "change_message": "Changed thumbnail and file.",
            "user": 1,
            "content_type": 21
        }
    },
    {
        "pk": 129,
        "model": "admin.logentry",
        "fields": {
            "action_flag": 2,
            "action_time": "2013-12-26T09:48:25.263Z",
            "object_repr": "PN Rao wall 3",
            "object_id": "13",
            "change_message": "Changed thumbnail and file.",
            "user": 1,
            "content_type": 21
        }
    },
    {
        "pk": 130,
        "model": "admin.logentry",
        "fields": {
            "action_flag": 2,
            "action_time": "2013-12-26T09:48:44.220Z",
            "object_repr": "Sapna wall 3",
            "object_id": "10",
            "change_message": "Changed thumbnail and file.",
            "user": 1,
            "content_type": 21
        }
    },
    {
        "pk": 131,
        "model": "admin.logentry",
        "fields": {
            "action_flag": 2,
            "action_time": "2013-12-26T09:49:03.950Z",
            "object_repr": "Sapna wall 2",
            "object_id": "9",
            "change_message": "Changed thumbnail and file.",
            "user": 1,
            "content_type": 21
        }
    },
    {
        "pk": 132,
        "model": "admin.logentry",
        "fields": {
            "action_flag": 2,
            "action_time": "2013-12-26T09:49:15.154Z",
            "object_repr": "Sapna wall",
            "object_id": "8",
            "change_message": "Changed thumbnail and file.",
            "user": 1,
            "content_type": 21
        }
    },
    {
        "pk": 133,
        "model": "admin.logentry",
        "fields": {
            "action_flag": 2,
            "action_time": "2013-12-26T09:49:33.170Z",
            "object_repr": "Naturals wall 1",
            "object_id": "5",
            "change_message": "Changed thumbnail and file.",
            "user": 1,
            "content_type": 21
        }
    },
    {
        "pk": 134,
        "model": "admin.logentry",
        "fields": {
            "action_flag": 2,
            "action_time": "2013-12-26T09:49:50.364Z",
            "object_repr": "Naturals wall 2",
            "object_id": "6",
            "change_message": "Changed thumbnail and file.",
            "user": 1,
            "content_type": 21
        }
    },
    {
        "pk": 135,
        "model": "admin.logentry",
        "fields": {
            "action_flag": 2,
            "action_time": "2013-12-26T09:50:08.159Z",
            "object_repr": "Naturals wall 3",
            "object_id": "7",
            "change_message": "Changed thumbnail and file.",
            "user": 1,
            "content_type": 21
        }
    },
    {
        "pk": 136,
        "model": "admin.logentry",
        "fields": {
            "action_flag": 2,
            "action_time": "2013-12-26T09:50:27.280Z",
            "object_repr": "Starbucks wall 1",
            "object_id": "1",
            "change_message": "Changed thumbnail and file.",
            "user": 1,
            "content_type": 21
        }
    },
    {
        "pk": 137,
        "model": "admin.logentry",
        "fields": {
            "action_flag": 2,
            "action_time": "2013-12-26T09:51:12.545Z",
            "object_repr": "Starbucks wall 2",
            "object_id": "2",
            "change_message": "Changed thumbnail and file.",
            "user": 1,
            "content_type": 21
        }
    },
    {
        "pk": 138,
        "model": "admin.logentry",
        "fields": {
            "action_flag": 2,
            "action_time": "2013-12-26T09:51:28.863Z",
            "object_repr": "Starbucks wall 3",
            "object_id": "3",
            "change_message": "Changed thumbnail and file.",
            "user": 1,
            "content_type": 21
        }
    },
    {
        "pk": 139,
        "model": "admin.logentry",
        "fields": {
            "action_flag": 2,
            "action_time": "2013-12-26T09:51:43.897Z",
            "object_repr": "Starbucks wall 4",
            "object_id": "4",
            "change_message": "Changed thumbnail and file.",
            "user": 1,
            "content_type": 21
        }
    }
]